"","SAR","Infections","Reff_1"
"1",0.741456382294158,0,0.134869700211613
"2",0.744157433364177,9.99842616136171e-05,0.134380166771863
"3",0.746833196329653,0.000199937099097713,0.133898707892813
"4",0.749484921823902,0.000299858590491198,0.133424965717317
"5",0.752113770318515,0.000399748812641931,0.132958608054272
"6",0.754720819912907,0.000499607841258909,0.132499326057468
"7",0.757307073390983,0.000599435750958222,0.132046832141989
"8",0.759873464616045,0.000699232615308132,0.131600858111987
"9",0.762420864328247,0.00079899850686993,0.131161153476706
"10",0.764950085402762,0.000898733497235904,0.13072748393426
"11",0.767461887621131,0.00099843765706642,0.130299630005036
"12",0.769956982003179,0.00109811105612168,0.129877385798662
"13",0.772436034742206,0.00119775376329567,0.129460557900272
"14",0.774899670781966,0.00129736584664419,0.129048964363461
"15",0.777348477070134,0.00139694737341278,0.128642433798681
"16",0.779783005519519,0.00149649841006427,0.128240804547127
"17",0.782203775705181,0.00159601902230211,0.127843923931263
"18",0.784611277322807,0.00169550927509521,0.127451647574086
"19",0.78700597243119,0.00179496923269906,0.127063838780135
"20",0.789388297499371,0.0018943989586766,0.126680367971986
"21",0.791758665276967,0.00199379851591952,0.126301112176674
"22",0.794117466504377,0.00209316796666537,0.125925954557063
"23",0.796465071477896,0.00219250737251708,0.125554783983738
"24",0.798801831483281,0.00229181679445856,0.125187494643461
"25",0.801128080109987,0.00239109629287215,0.124823985680631
"26",0.80344413445707,0.00249034592755382,0.124464160868603
"27",0.805750296240705,0.00258956575772706,0.124107928308011
"28",0.808046852812268,0.00268875584205897,0.123755200149555
"29",0.810334078095067,0.00278791623867103,0.123405892338972
"30",0.812612233447041,0.00288704700515474,0.123059924382146
"31",0.814881568456007,0.00298614819858245,0.12271721912851
"32",0.817142321673442,0.00308521987551913,0.122377702571087
"33",0.819394721292167,0.0031842620920346,0.122041303661686
"34",0.82163898577285,0.00328327490371394,0.121707954139905
"35",0.82387532442371,0.00338225836566819,0.121377588374732
"36",0.826103937937455,0.0034812125325443,0.121050143217658
"37",0.828325018889071,0.00358013745853447,0.120725557866304
"38",0.83053875219775,0.00367903319738661,0.120403773737689
"39",0.83274531555596,0.00377789980241205,0.120084734350307
"40",0.834944879828355,0.00387673732649541,0.119768385214312
"41",0.837137609422994,0.00397554582210202,0.119454673729121
"42",0.839323662637124,0.00407432534128627,0.11914354908785
"43",0.841503191979549,0.00417307593570038,0.118834962188034
"44",0.843676344471463,0.00427179765660024,0.118528865548135
"45",0.845843261927424,0.00437049055485428,0.118225213229375
"46",0.848004081218028,0.00446915468094966,0.117923960762506
"47",0.850158934515685,0.00456779008499919,0.117625065079117
"48",0.852307949524784,0.00466639681674863,0.117328484447149
"49",0.854451249697435,0.00476497492558225,0.117034178410308
"50",0.856588954435852,0.0048635244605294,0.116742107731076
"51",0.858721179282372,0.00496204547027101,0.116452234337075
"52",0.860848036098012,0.00506053800314488,0.116164521270528
"53",0.862969633230386,0.00515900210715126,0.115878932640615
"54",0.865086075671758,0.00525743782995902,0.1155954335785
"55",0.867197465207904,0.00535584521891053,0.11531399019487
"56",0.869303900558457,0.00545422432102705,0.115034569539787
"57",0.871405477509293,0.00555257518301389,0.114757139564725
"58",0.873502289037523,0.00565089785126516,0.114481669086621
"59",0.875594425429591,0.00574919237186866,0.114208127753825
"60",0.877681974392919,0.00584745879061066,0.113936486013819
"61",0.879765021161556,0.00594569715298032,0.113666715082591
"62",0.881843648596197,0.00604390750417416,0.11339878691556
"63",0.883917937278951,0.00614208988910059,0.113132674179958
"64",0.88598796560319,0.00624024435238368,0.112868350228571
"65",0.888053809858791,0.00633837093836787,0.112605789074764
"66",0.890115544313059,0.00643646969112133,0.112344965368709
"67",0.892173241287591,0.00653454065444048,0.112085854374739
"68",0.894226971231352,0.00663258387185328,0.111828431949776
"69",0.896276802790159,0.00673059938662357,0.111572674522753
"70",0.898322802872819,0.00682858724175395,0.11131855907498
"71",0.900365036714102,0.00692654747998989,0.111066063121411
"72",0.902403567934735,0.00702448014382318,0.110815164692736
"73",0.904438458598601,0.00712238527549502,0.110565842318279
"74",0.906469769267292,0.00722026291699962,0.11031807500964
"75",0.908497559052165,0.00731811311008723,0.110071842245047
"76",0.910521885664055,0.00741593589626743,0.109827123954378
"77",0.91254280546076,0.00751373131681232,0.109583900504819
"78",0.914560373492428,0.0076114994127594,0.109342152687122
"79",0.916574643544961,0.00770924022491448,0.109101861702434
"80",0.918585668181535,0.00780695379385488,0.108863009149668
"81",0.92059349878235,0.00790464015993186,0.108625577013381
"82",0.922598185582686,0.00800229936327379,0.108389547652148
"83",0.924599777709369,0.00809993144378884,0.108154903787391
"84",0.926598323215722,0.00819753644116727,0.107921628492651
"85",0.928593869115075,0.0082951143948844,0.107689705183276
"86",0.930586461412918,0.00839266534420324,0.107459117606514
"87",0.932576145137752,0.00849018932817658,0.107229849831972
"88",0.934562964370711,0.00858768638565,0.107001886242448
"89",0.936546962274019,0.00868515655526392,0.106775211525102
"90",0.93852818111832,0.00878259987545604,0.10654981066295
"91",0.940506662308966,0.00888001638446356,0.10632566892668
"92",0.942482446411278,0.00897740612032583,0.106102771866758
"93",0.94445557317486,0.00907476912088623,0.105881105305824
"94",0.946426081556988,0.00917210542379454,0.105660655331357
"95",0.948394009745128,0.0092694150665088,0.105441408288602
"96",0.950359395178622,0.00936669808629798,0.10522335077374
"97",0.952322274569576,0.00946395452024362,0.105006469627309
"98",0.954282683922991,0.00956118440524178,0.104790751927832
"99",0.956240658556166,0.00965838777800554,0.104576184985682
"100",0.958196233117408,0.00975556467506644,0.104362756337143
"101",0.960149441604087,0.00985271513277697,0.104150453738674
"102",0.962100317380043,0.00994983918731174,0.103939265161367
"103",0.9640488931924,0.0100469368746698,0.103729178785585
"104",0.965995201187791,0.0101440082306768,0.103520182995774
"105",0.967939272928035,0.010241053290986,0.103312266375449
"106",0.969881139405275,0.0103380720910806,0.103105417702338
"107",0.97182083105661,0.0104350646662753,0.102899625943679
"108",0.973758377778236,0.010532031051718,0.102694880251674
"109",0.975693808939125,0.0106289712823915,0.102491169959078
"110",0.977627153394241,0.0107258853931153,0.10228848457493
"111",0.979558439497343,0.010822773418547,0.102086813780416
"112",0.981487695113357,0.010919635393184,0.101886147424854
"113",0.983414947630363,0.011016471351365,0.101686475521813
"114",0.985340223971191,0.0111132813272719,0.101487788245336
"115",0.987263550604661,0.0112100653549306,0.101290075926285
"116",0.989184953556458,0.0113068234682134,0.101093329048795
"117",0.991104458419679,0.0114035557008398,0.100897538246827
"118",0.993022090365051,0.0115002620863781,0.100702694300827
"119",0.994937874150829,0.0115969426582471,0.100508788134484
"120",0.996851834132405,0.011693597449717,0.100315810811577
"121",0.998763994271614,0.0117902264939116,0.100123753532914
"122",1.00067437814577,0.0118868298238086,0.0999326076333622
"123",1.00258300895643,0.0119834074722421,0.0997423645789569
"124",1.0044899095379,0.0120799594719028,0.0995530159640963
"125",1.00639510236547,0.0121764858553403,0.0993645535088116
"126",1.00829860956347,0.0122729866549635,0.0991769690561145
"127",1.01020045291301,0.0123694619030426,0.0989902545694174
"128",1.01210065385956,0.01246591163171,0.0988044021300239
"129",1.01399923352027,0.0125623358729615,0.0986194039346883
"130",1.01589621269115,0.0126587346586576,0.0984352522932401
"131",1.01779161185393,0.0127551080205247,0.0982519396262731
"132",1.0196854511829,0.0128514559901565,0.0980694584628956
"133",1.02157775055134,0.0129477785990143,0.0978878014385403
"134",1.02346852953799,0.0130440758784295,0.0977069612928318
"135",1.02535780743321,0.0131403478596035,0.09752693086751
"136",1.02724560324498,0.0132365945736095,0.0973477031044073
"137",1.02913193570481,0.0133328160513934,0.0971692710434778
"138",1.03101682327343,0.0134290123237749,0.0969916278208778
"139",1.03290028414631,0.0135251834214484,0.0968147666670942
"140",1.03478233625911,0.0136213293749844,0.0966386809051209
"141",1.03666299729294,0.0137174502148303,0.0964633639486813
"142",1.03854228467945,0.0138135459713115,0.0962888093004949
"143",1.04042021560585,0.0139096166746322,0.0961150105505868
"144",1.04229680701976,0.0140056623548768,0.0959419613746397
"145",1.04417207563396,0.0141016830420105,0.0957696555323853
"146",1.04604603793099,0.0141976787658807,0.0955980868660367
"147",1.04791871016765,0.0142936495562174,0.0954272492987567
"148",1.04979010837941,0.0143895954426345,0.0952571368331649
"149",1.05166024838463,0.0144855164546308,0.0950877435498795
"150",1.05352914578879,0.0145814126215907,0.0949190636060944
"151",1.0553968159885,0.0146772839727852,0.0947510912341899
"152",1.05726327417551,0.0147731305373728,0.0945838207403762
"153",1.05912853534054,0.0148689523444006,0.0944172465033688
"154",1.06099261427707,0.0149647494228045,0.0942513629730942
"155",1.062855525585,0.0150605218014109,0.0940861646694265
"156",1.06471728367428,0.0151562695089373,0.0939216461809524
"157",1.06657790276837,0.0152519925739926,0.093757802163765
"158",1.0684373969077,0.0153476910250786,0.0935946273402849
"159",1.07029577995298,0.0154433648905907,0.0934321164981077
"160",1.07215306558849,0.0155390141988183,0.0932702644888781
"161",1.07400926732524,0.015634638977946,0.0931090662271889
"162",1.07586439850408,0.0157302392560545,0.0929485166895044
"163",1.07771847229877,0.015825815061121,0.0927886109131082
"164",1.07957150171892,0.01592136642102,0.0926293439950738
"165",1.08142349961288,0.0160168933635246,0.0924707110912578
"166",1.08327447867063,0.0161123959163063,0.0923127074153152
"167",1.08512445142647,0.0162078741069369,0.0921553282377363
"168",1.08697343026179,0.0163033279628882,0.0919985688849039
"169",1.0888214274077,0.0163987575115335,0.0918424247381714
"170",1.09066845494759,0.0164941627801478,0.0916868912329599
"171",1.09251452481969,0.0165895437959088,0.0915319638578753
"172",1.09435964881955,0.0166849005858973,0.0913776381538432
"173",1.09620383860243,0.0167802331770985,0.0912239097132629
"174",1.09804710568567,0.016875541596402,0.0910707741791785
"175",1.09988946145103,0.0169708258706029,0.0909182272444678
"176",1.10173091714694,0.0170660860264022,0.0907662646510473
"177",1.1035714838907,0.0171613220904079,0.0906148821890945
"178",1.10541117267068,0.017256534089135,0.0904640756962853
"179",1.10724999434842,0.0173517220490068,0.0903138410570478
"180",1.1090879596607,0.0174468859963551,0.0901641742018308
"181",1.11092507922159,0.0175420259574212,0.090015071106387
"182",1.11276136352445,0.0176371419583561,0.0898665277910713
"183",1.11459682294384,0.0177322340252215,0.0897185403201521
"184",1.11643146773746,0.0178273021839901,0.0895711048011377
"185",1.11826530804802,0.0179223464605466,0.0894242173841147
"186",1.12009835390504,0.0180173668806878,0.0892778742611006
"187",1.12193061522668,0.0181123634701238,0.0891320716654082
"188",1.12376210182146,0.018207336254478,0.0889868058710237
"189",1.12559282339001,0.0183022852592879,0.0888420731919951
"190",1.12742278952674,0.018397210510006,0.0886978699818345
"191",1.12925200972148,0.0184921120319996,0.0885541926329303
"192",1.13108049336114,0.0185869898505525,0.0884110375759715
"193",1.13290824973123,0.0186818439908644,0.0882684012793831
"194",1.13473528801749,0.018776674478052,0.0881262802487719
"195",1.13656161730734,0.0188714813371498,0.0879846710263829
"196",1.13838724659144,0.01896626459311,0.087843570190566
"197",1.1402121847651,0.0190610242708037,0.0877029743552527
"198",1.14203644062975,0.0191557603950208,0.087562880169443
"199",1.14386002289434,0.019250472990471,0.0874232843167009
"200",1.14568294017671,0.0193451620817842,0.0872841835146605
"201",1.14750520100496,0.0194398276935107,0.0871455745145398
"202",1.14932681381877,0.0195344698501224,0.0870074541006652
"203",1.15114778697068,0.0196290885760125,0.0868698190900026
"204",1.15296812872743,0.0197236838954966,0.0867326663316993
"205",1.15478784727115,0.0198182558328127,0.0865959927066323
"206",1.15660695070062,0.0199128044121223,0.0864597951269658
"207",1.15842544703247,0.0200073296575103,0.0863240705357165
"208",1.16024334420239,0.0201018315929858,0.0861888159063265
"209",1.16206065006623,0.0201963102424825,0.086054028242244
"210",1.16387737240123,0.0202907656298591,0.0859197045765115
"211",1.16569351890705,0.0203851977788998,0.085785841971361
"212",1.16750909720694,0.0204796067133149,0.0856524375178165
"213",1.16932411484879,0.0205739924567412,0.0855194883353037
"214",1.17113857930616,0.0206683550327421,0.0853869915712661
"215",1.17295249797941,0.0207626944648085,0.0852549444007884
"216",1.1747658781966,0.0208570107763592,0.0851233440262253
"217",1.17657872721462,0.0209513039907411,0.0849921876768382
"218",1.17839105222006,0.0210455741312296,0.084861472608437
"219",1.18020286033028,0.0211398212210295,0.0847311961030286
"220",1.18201415859428,0.021234045283275,0.084601355468471
"221",1.18382495399367,0.0213282463410299,0.0844719480381339
"222",1.18563525344362,0.0214224244172889,0.0843429711705643
"223",1.18744506379369,0.0215165795349771,0.084214422249158
"224",1.18925439182876,0.0216107117169508,0.0840862986818374
"225",1.19106324426991,0.021704820985998,0.0839585979007332
"226",1.19287162777524,0.0217989073648386,0.0838313173618726
"227",1.19467954894075,0.0218929708761249,0.0837044545448724
"228",1.19648701430114,0.0219870115424419,0.0835780069526366
"229",1.19829403033061,0.0220810293863077,0.08345197211106
"230",1.20010060344371,0.0221750244301745,0.0833263475687357
"231",1.20190673999606,0.0222689966964278,0.0832011308966681
"232",1.20371244628518,0.0223629462073875,0.0830763196879898
"233",1.20551772855121,0.0224568729853086,0.0829519115576842
"234",1.20732259297766,0.0225507770523808,0.0828279041423113
"235",1.20912704569216,0.0226446584307294,0.0827042950997389
"236",1.21093109276718,0.0227385171424153,0.0825810821088779
"237",1.21273474022073,0.0228323532094359,0.0824582628694213
"238",1.21453799401703,0.0229261666537249,0.0823358351015881
"239",1.21634086006727,0.0230199574971531,0.0822137965458706
"240",1.21814334423021,0.0231137257615283,0.0820921449627865
"241",1.21994545231288,0.0232074714685959,0.0819708781326339
"242",1.22174719007123,0.0233011946400397,0.0818499938552509
"243",1.22354856321076,0.0233948952974811,0.0817294899497787
"244",1.22534957738718,0.0234885734624807,0.0816093642544285
"245",1.22715023820698,0.0235822291565377,0.0814896146262517
"246",1.22895055122812,0.0236758624010909,0.0813702389409142
"247",1.23075052196054,0.0237694732175187,0.0812512350924736
"248",1.23255015586682,0.0238630616271391,0.0811326009931601
"249",1.23434945836275,0.0239566276512111,0.0810143345731611
"250",1.23614843481788,0.0240501713109336,0.0808964337804081
"251",1.23794709055612,0.0241436926274469,0.080778896580368
"252",1.23974543085624,0.0242371916218324,0.0806617209558369
"253",1.2415434609525,0.0243306683151132,0.0805449049067369
"254",1.24334118603511,0.0244241227282542,0.0804284464499163
"255",1.2451386112508,0.0245175548821627,0.0803123436189531
"256",1.24693574170334,0.0246109647976881,0.0801965944639604
"257",1.24873258245404,0.0247043524956232,0.0800811970513955
"258",1.25052913852229,0.0247977179967034,0.0799661494638718
"259",1.25232541488599,0.0248910613216078,0.0798514497999735
"260",1.25412141648214,0.0249843824909594,0.0797370961740724
"261",1.25591714820721,0.0250776815253249,0.0796230867161479
"262",1.25771261491772,0.0251709584452154,0.0795094195716101
"263",1.25950782143064,0.025264213271087,0.0793960929011244
"264",1.26130277252388,0.02535744602334,0.0792831048804395
"265",1.26309747293674,0.0254506567223204,0.0791704537002174
"266",1.26489192737036,0.0255438453883197,0.0790581375658663
"267",1.26668614048816,0.0256370120415748,0.0789461546973756
"268",1.26848011691627,0.0257301567022691,0.0788345033291532
"269",1.27027386124395,0.0258232793905318,0.0787231817098653
"270",1.27206737802407,0.0259163801264392,0.0786121881022785
"271",1.27386067177342,0.0260094589300141,0.0785015207831041
"272",1.27565374697323,0.0261025158212266,0.0783911780428444
"273",1.2774466080695,0.0261955508199943,0.0782811581856418
"274",1.27923925947343,0.0262885639461821,0.0781714595291289
"275",1.2810317055618,0.0263815552196033,0.078062080404282
"276",1.28282395067738,0.0264745246600192,0.0779530191552757
"277",1.28461599912926,0.0265674722871394,0.0778442741393401
"278",1.28640785519328,0.0266603981206226,0.0777358437266192
"279",1.28819952311238,0.0267533021800761,0.0776277263000325
"280",1.28999100709695,0.0268461844850566,0.0775199202551374
"281",1.29178231132522,0.0269390450550702,0.0774124239999939
"282",1.29357343994358,0.027031883909573,0.0773052359550313
"283",1.29536439706696,0.0271247010679708,0.0771983545529165
"284",1.29715518677915,0.0272174965496197,0.0770917782384241
"285",1.29894581313317,0.0273102703738263,0.0769855054683085
"286",1.30073628015156,0.0274030225598481,0.0768795347111775
"287",1.30252659182677,0.0274957531268931,0.0767738644473677
"288",1.30431675212142,0.0275884620941209,0.0766684931688213
"289",1.30610676496867,0.0276811494806426,0.0765634193789652
"290",1.30789663427253,0.0277738153055206,0.0764586415925913
"291",1.30968636390815,0.0278664595877695,0.0763541583357379
"292",1.31147595772215,0.0279590823463559,0.0762499681455739
"293",1.31326541953291,0.0280516836001989,0.0761460695702833
"294",1.31505475313087,0.0281442633681701,0.076042461168952
"295",1.31684396227885,0.0282368216690939,0.075939141511456
"296",1.31863305071231,0.0283293585217479,0.0758361091783505
"297",1.32042202213965,0.0284218739448627,0.0757333627607611
"298",1.32221088024251,0.0285143679571229,0.0756309008602765
"299",1.32399962867601,0.0286068405771662,0.0755287220888417
"300",1.32578827106908,0.0286992918235849,0.0754268250686536
"301",1.32757681102468,0.0287917217149247,0.0753252084320574
"302",1.32936525212011,0.0288841302696863,0.0752238708214446
"303",1.33115359790725,0.0289765175063248,0.0751228108891518
"304",1.33294185191283,0.02906888344325,0.0750220272973616
"305",1.3347300176387,0.0291612280988267,0.0749215187180042
"306",1.33651809856207,0.0292535514913752,0.0748212838326604
"307",1.33830609813575,0.0293458536391709,0.0747213213324658
"308",1.34009401978844,0.0294381345604449,0.0746216299180163
"309",1.34188186692494,0.0295303942733843,0.0745222082992746
"310",1.3436696429264,0.0296226327961322,0.0744230551954783
"311",1.34545735115055,0.0297148501467879,0.0743241693350489
"312",1.34724499493198,0.0298070463434069,0.0742255494555014
"313",1.34903257758229,0.0298992214040019,0.0741271943033561
"314",1.35082010239043,0.0299913753465419,0.074029102634051
"315",1.35260757262281,0.0300835081889536,0.0739312732118546
"316",1.35439499152361,0.0301756199491199,0.0738337048097811
"317",1.35618236231497,0.0302677106448822,0.0737363962095058
"318",1.3579696881972,0.030359780294039,0.0736393462012815
"319",1.35975697234902,0.0304518289143465,0.0735425535838563
"320",1.36154421792774,0.0305438565235192,0.0734460171643924
"321",1.3633314280695,0.0306358631392298,0.0733497357583853
"322",1.36511860588947,0.0307278487791092,0.073253708189585
"323",1.36690575448203,0.0308198134607469,0.0731579332899173
"324",1.36869287692101,0.0309117572016911,0.0730624098994061
"325",1.37047997625987,0.0310036800194493,0.0729671368660975
"326",1.3722670555319,0.0310955819314875,0.0728721130459836
"327",1.37405411775042,0.0311874629552316,0.0727773373029282
"328",1.37584116590896,0.0312793231080666,0.0726828085085929
"329",1.37762820298145,0.0313711624073372,0.0725885255423642
"330",1.37941523192243,0.031462980870348,0.0724944872912812
"331",1.38120225566721,0.0315547785143638,0.0724006926499649
"332",1.38298927713208,0.0316465553566093,0.0723071405205477
"333",1.38477629921446,0.0317383114142696,0.0722138298126036
"334",1.3865633247931,0.0318300467044904,0.0721207594430799
"335",1.38835035672824,0.0319217612443782,0.0720279283362292
"336",1.39013739786182,0.0320134550510001,0.0719353354235422
"337",1.3919244510176,0.0321051281413843,0.0718429796436816
"338",1.39371151900137,0.0321967805325207,0.0717508599424165
"339",1.39549860460111,0.0322884122413599,0.0716589752725577
"340",1.39728571058715,0.0323800232848144,0.0715673245938936
"341",1.39907283971233,0.0324716136797583,0.071475906873127
"342",1.40085999471217,0.0325631834430277,0.0713847210838128
"343",1.40264717830504,0.0326547325914204,0.0712937662062956
"344",1.4044343931923,0.0327462611416969,0.0712030412276492
"345",1.40622164205846,0.0328377691105797,0.0711125451416161
"346",1.40800892757135,0.0329292565147539,0.0710222769485476
"347",1.40979625238225,0.0330207233708673,0.0709322356553448
"348",1.41158361912607,0.0331121696955303,0.0708424202754005
"349",1.41337103042147,0.0332035955053168,0.0707528298285412
"350",1.41515848887101,0.0332950008167634,0.0706634633409704
"351",1.41694599706135,0.0333863856463701,0.0705743198452118
"352",1.41873355756329,0.0334777500106004,0.0704853983800541
"353",1.42052117293203,0.0335690939258813,0.0703966979904952
"354",1.42230884570722,0.0336604174086038,0.0703082177276883
"355",1.42409657841314,0.0337517204751226,0.0702199566488878
"356",1.42588437355884,0.0338430031417564,0.0701319138173958
"357",1.42767223363827,0.0339342654247883,0.0700440883025098
"358",1.42946016113039,0.0340255073404655,0.06995647917947
"359",1.43124815849936,0.0341167289049999,0.0698690855294084
"360",1.43303622819461,0.034207930134568,0.0697819064392975
"361",1.43482437265101,0.0342991110453111,0.0696949410018999
"362",1.43661259428898,0.0343902716533354,0.0696081883157186
"363",1.43840089551462,0.0344814119747121,0.0695216474849473
"364",1.44018927871986,0.0345725320254777,0.0694353176194222
"365",1.44197774628254,0.0346636318216341,0.0693491978345734
"366",1.44376630056656,0.0347547113791485,0.0692632872513772
"367",1.44555494392202,0.034845770713954,0.0691775849963091
"368",1.44734367868528,0.0349368098419494,0.0690920902012968
"369",1.44913250717915,0.0350278287789991,0.0690068020036745
"370",1.45092143171296,0.0351188275409341,0.0689217195461367
"371",1.4527104545827,0.0352098061435513,0.0688368419766934
"372",1.45449957807112,0.0353007646026137,0.0687521684486253
"373",1.45628880444784,0.0353917029338511,0.0686676981204394
"374",1.45807813596949,0.0354826211529596,0.0685834301558255
"375",1.4598675748798,0.0355735192756025,0.0684993637236127
"376",1.46165712340971,0.0356643973174094,0.0684154979977268
"377",1.46344678377747,0.0357552552939773,0.0683318321571477
"378",1.46523655818879,0.03584609322087,0.0682483653858677
"379",1.4670264488369,0.0359369111136187,0.0681650968728499
"380",1.46881645790265,0.036027708987722,0.0680820258119871
"381",1.47060658755469,0.0361184868586459,0.0679991514020614
"382",1.47239683994947,0.0362092447418243,0.0679164728467035
"383",1.47418721723141,0.0362999826526584,0.0678339893543539
"384",1.47597772153299,0.0363907006065176,0.0677517001382224
"385",1.47776835497484,0.0364813986187394,0.0676696044162501
"386",1.47955911966583,0.036572076704629,0.0675877014110704
"387",1.48135001770318,0.0366627348794604,0.0675059903499708
"388",1.48314105117258,0.0367533731584755,0.0674244704648554
"389",1.48493222214823,0.036843991556885,0.0673431409922075
"390",1.48672353269298,0.036934590089868,0.0672620011730525
"391",1.48851498485842,0.0370251687725727,0.0671810502529216
"392",1.49030658068494,0.0371157276201156,0.067100287481815
"393",1.49209832220186,0.0372062666475829,0.0670197121141669
"394",1.49389021142751,0.0372967858700292,0.0669393234088091
"395",1.49568225036929,0.0373872853024787,0.0668591206289367
"396",1.49747444102382,0.0374777649599249,0.0667791030420728
"397",1.49926678537696,0.0375682248573307,0.0666992699200343
"398",1.50105928540394,0.0376586650096286,0.0666196205388979
"399",1.50285194306945,0.0377490854317207,0.0665401541789662
"400",1.50464476032768,0.0378394861384791,0.0664608701247344
"401",1.50643773912246,0.0379298671447454,0.0663817676648574
"402",1.5082308813873,0.0380202284653318,0.0663028460921168
"403",1.51002418904552,0.0381105701150202,0.0662241047033887
"404",1.51181766401026,0.0382008921085628,0.0661455427996117
"405",1.51361130818465,0.0382911944606824,0.0660671596857552
"406",1.5154051234618,0.0383814771860719,0.0659889546707874
"407",1.51719911172496,0.0384717402993952,0.0659109270676451
"408",1.51899327484755,0.0385619838152865,0.0658330761932021
"409",1.52078761469323,0.0386522077483511,0.0657554013682391
"410",1.52258213311602,0.038742412113165,0.0656779019174135
"411",1.52437683196034,0.0388325969242754,0.0656005771692294
"412",1.52617171306112,0.0389227621962005,0.0655234264560078
"413",1.52796677824383,0.0390129079434296,0.0654464491138576
"414",1.52976202932459,0.0391030341804237,0.0653696444826463
"415",1.53155746811021,0.0391931409216149,0.0652930119059717
"416",1.53335309639832,0.0392832281814069,0.0652165507311326
"417",1.53514891597736,0.0393732959741753,0.0651402603091013
"418",1.53694492862673,0.039463344314267,0.0650641399944957
"419",1.53874113611682,0.0395533732160014,0.064988189145551
"420",1.54053754020907,0.0396433826936691,0.0649124071240929
"421",1.54233414265607,0.0397333727615332,0.0648367932955103
"422",1.54413094520161,0.039823343433829,0.0647613470287284
"423",1.54592794958075,0.039913294724764,0.064686067696182
"424",1.54772515751987,0.0400032266485179,0.0646109546737893
"425",1.54952257073679,0.0400931392192428,0.0645360073409259
"426",1.55132019094078,0.0401830324510639,0.0644612250803984
"427",1.55311801983263,0.0402729063580783,0.0643866072784195
"428",1.55491605910475,0.0403627609543565,0.0643121533245823
"429",1.55671431044121,0.0404525962539416,0.0642378626118349
"430",1.55851277551781,0.0405424122708495,0.064163734536456
"431",1.56031145600212,0.0406322090190692,0.06408976849803
"432",1.56211035355358,0.0407219865125632,0.0640159638994225
"433",1.56390946982353,0.0408117447652667,0.0639423201467563
"434",1.56570880645529,0.0409014837910885,0.0638688366493872
"435",1.56750836508422,0.040991203603911,0.0637955128198805
"436",1.56930814733774,0.0410809042175898,0.0637223480739874
"437",1.57110815483547,0.0411705856459542,0.0636493418306214
"438",1.57290838918921,0.0412602479028074,0.0635764935118358
"439",1.57470885200303,0.0413498910019261,0.0635038025428001
"440",1.57650954487333,0.0414395149570611,0.0634312683517781
"441",1.5783104693889,0.0415291197819372,0.0633588903701048
"442",1.58011162713095,0.0416187054902529,0.0632866680321645
"443",1.58191301967321,0.0417082720956815,0.0632146007753686
"444",1.58371464858194,0.0417978196118699,0.063142688040134
"445",1.58551651541601,0.0418873480524399,0.0630709292698611
"446",1.58731862172696,0.0419768574309872,0.0629993239109125
"447",1.58912096905902,0.0420663477610824,0.0629278714125921
"448",1.59092355894922,0.0421558190562707,0.0628565712271233
"449",1.59272639292737,0.0422452713300718,0.062785422809629
"450",1.59452947251618,0.0423347045959802,0.0627144256181101
"451",1.59633279923127,0.0424241188674654,0.0626435791134257
"452",1.59813637458124,0.0425135141579719,0.0625728827592722
"453",1.59994020006771,0.0426028904809188,0.0625023360221639
"454",1.60174427718538,0.0426922478497008,0.0624319383714122
"455",1.60354860742209,0.0427815862776879,0.0623616892791065
"456",1.60535319225881,0.0428709057782247,0.0622915882200943
"457",1.60715803316979,0.042960206364632,0.0622216346719621
"458",1.60896313162252,0.0430494880502056,0.0621518281150156
"459",1.61076848907781,0.0431387508482168,0.0620821680322613
"460",1.61257410698985,0.0432279947719129,0.0620126539093869
"461",1.61437998680623,0.0433172198345163,0.0619432852347435
"462",1.61618612996804,0.0434064260492258,0.0618740614993259
"463",1.61799253790983,0.0434956134292159,0.0618049821967553
"464",1.61979921205974,0.0435847819876368,0.0617360468232601
"465",1.6216061538395,0.043673931737615,0.0616672548776587
"466",1.62341336466447,0.0437630626922531,0.061598605861341
"467",1.62522084594373,0.0438521748646298,0.0615300992782506
"468",1.62702859908007,0.0439412682677999,0.0614617346348677
"469",1.62883662547008,0.0440303429147949,0.0613935114401913
"470",1.63064492650416,0.0441193988186227,0.0613254292057218
"471",1.63245350356656,0.0442084359922673,0.0612574874454441
"472",1.63426235803548,0.0442974544486899,0.0611896856758105
"473",1.63607149128304,0.0443864542008279,0.0611220234157238
"474",1.63788090467535,0.0444754352615955,0.0610545001865208
"475",1.63969059957257,0.0445643976438838,0.0609871155119554
"476",1.64150057732894,0.044653341360561,0.0609198689181824
"477",1.6433108392928,0.0447422664244718,0.0608527599337413
"478",1.64512138680666,0.0448311728484383,0.06078578808954
"479",1.64693222120723,0.0449200606452598,0.0607189529188387
"480",1.64874334382543,0.0450089298277124,0.0606522539572343
"481",1.65055475598651,0.0450977804085498,0.0605856907426448
"482",1.65236645900998,0.0451866124005029,0.0605192628152929
"483",1.65417845420975,0.0452754258162801,0.0604529697176917
"484",1.6559907428941,0.0453642206685672,0.0603868109946283
"485",1.65780332636574,0.0454529969700276,0.0603207861931494
"486",1.65961620592188,0.0455417547333024,0.0602548948625458
"487",1.6614293828542,0.0456304939710103,0.0601891365543374
"488",1.66324285844895,0.0457192146957478,0.0601235108222589
"489",1.66505663398695,0.0458079169200895,0.0600580172222443
"490",1.66687071074364,0.0458966006565874,0.0599926553124131
"491",1.66868508998912,0.0459852659177721,0.0599274246530554
"492",1.67049977298818,0.0460739127161518,0.0598623248066178
"493",1.67231476100034,0.0461625410642129,0.059797355337689
"494",1.67413005527987,0.0462511509744203,0.0597325158129859
"495",1.67594565707585,0.046339742459217,0.0596678058013393
"496",1.67776156763218,0.0464283155310242,0.0596032248736807
"497",1.67957778818764,0.0465168702022417,0.0595387726030277
"498",1.68139431997589,0.0466054064852476,0.0594744485644711
"499",1.68321116422555,0.0466939243923988,0.059410252335161
"500",1.68502832216019,0.0467824239360307,0.0593461834942936
"501",1.68684579499838,0.0468709051284573,0.0592822416230975
"502",1.68866358395374,0.0469593679819713,0.0592184263048212
"503",1.69048169023495,0.0470478125088446,0.0591547371247194
"504",1.69230011504579,0.0471362387213276,0.0590911736700403
"505",1.69411885958516,0.0472246466316496,0.059027735530013
"506",1.69593792504714,0.0473130362520193,0.058964422295834
"507",1.697757312621,0.0474014075946243,0.0589012335606553
"508",1.69957702349124,0.0474897606716311,0.0588381689195716
"509",1.70139705883761,0.0475780954951859,0.0587752279696075
"510",1.70321741983515,0.0476664120774136,0.0587124103097059
"511",1.70503810765424,0.0477547104304189,0.0586497155407149
"512",1.70685912346058,0.0478429905662859,0.0585871432653764
"513",1.70868046841528,0.0479312524970779,0.0585246930883134
"514",1.71050214367484,0.0480194962348377,0.0584623646160186
"515",1.71232415039121,0.0481077217915881,0.0584001574568422
"516",1.7141464897118,0.0481959291793311,0.0583380712209802
"517",1.71596916277952,0.0482841184100489,0.058276105520463
"518",1.71779217073283,0.0483722894957029,0.0582142599691433
"519",1.71961551470572,0.048460442448235,0.0581525341826852
"520",1.72143919582777,0.0485485772795664,0.0580909277785521
"521",1.72326321522419,0.0486366940015988,0.0580294403759963
"522",1.72508757401582,0.0487247926262134,0.0579680715960471
"523",1.72691227331915,0.0488128731652719,0.0579068210614998
"524",1.72873731424641,0.0489009356306161,0.057845688396905
"525",1.73056269790551,0.0489889800340678,0.057784673228557
"526",1.73238842540014,0.0490770063874294,0.0577237751844839
"527",1.73421449782977,0.0491650147024831,0.0576629938944358
"528",1.73604091628965,0.0492530049909922,0.0576023289898747
"529",1.73786768187088,0.0493409772646998,0.057541780103964
"530",1.73969479566042,0.0494289315353299,0.0574813468715576
"531",1.7415222587411,0.049516867814587,0.0574210289291894
"532",1.74335007219168,0.0496047861141561,0.0573608259150634
"533",1.74517823708683,0.0496926864457031,0.0573007374690432
"534",1.7470067544972,0.0497805688208744,0.0572407632326416
"535",1.74883562548943,0.0498684332512974,0.0571809028490108
"536",1.75066485112615,0.0499562797485802,0.0571211559629321
"537",1.75249443246604,0.0500441083243121,0.0570615222208061
"538",1.75432437056385,0.0501319189900628,0.0570020012706427
"539",1.7561546664704,0.0502197117573837,0.0569425927620514
"540",1.75798532123262,0.0503074866378068,0.0568832963462315
"541",1.75981633589358,0.0503952436428456,0.0568241116759624
"542",1.76164771149252,0.0504829827839947,0.0567650384055942
"543",1.76347944906483,0.0505707040727295,0.056706076191038
"544",1.76531154964214,0.0506584075205073,0.0566472246897563
"545",1.76714401425228,0.0507460931387667,0.0565884835607541
"546",1.76897684391934,0.0508337609389273,0.0565298524645694
"547",1.7708100396637,0.0509214109323908,0.0564713310632636
"548",1.77264360250203,0.0510090431305397,0.0564129190204129
"549",1.7744775334473,0.0510966575447386,0.056354616001099
"550",1.77631183350885,0.0511842541863335,0.0562964216719
"551",1.77814650369237,0.0512718330666524,0.0562383357008814
"552",1.77998154499994,0.0513593941970047,0.0561803577575875
"553",1.78181695843006,0.0514469375886818,0.0561224875130323
"554",1.78365274497763,0.0515344632529567,0.056064724639691
"555",1.78548890563405,0.0516219712010847,0.0560070688114911
"556",1.78732544138715,0.0517094614443026,0.0559495197038038
"557",1.78916235322128,0.0517969339938296,0.0558920769934356
"558",1.79099964211729,0.0518843888608667,0.0558347403586198
"559",1.79283730905259,0.0519718260565972,0.0557775094790079
"560",1.79467535500113,0.0520592455921864,0.0557203840356613
"561",1.79651378093345,0.0521466474787819,0.0556633637110432
"562",1.79835258781668,0.0522340317275136,0.0556064481890099
"563",1.80019177661457,0.0523213983494937,0.0555496371548033
"564",1.80203134828752,0.0524087473558166,0.0554929302950421
"565",1.80387130379258,0.0524960787575595,0.0554363272977142
"566",1.80571164408349,0.0525833925657815,0.0553798278521684
"567",1.80755237011069,0.0526706887915247,0.055323431649107
"568",1.80939348282132,0.0527579674458136,0.0552671383805769
"569",1.81123498315928,0.0528452285396555,0.055210947739963
"570",1.81307687206523,0.0529324720840399,0.0551548594219795
"571",1.81491915047658,0.0530196980899396,0.0550988731226627
"572",1.81676181932757,0.0531069065683095,0.055042988539363
"573",1.81860487954924,0.0531940975300882,0.0549872053707377
"574",1.82044833206947,0.0532812709861962,0.0549315233167431
"575",1.82229217781297,0.0533684269475376,0.0548759420786272
"576",1.82413641770135,0.0534555654249993,0.0548204613589223
"577",1.82598105265311,0.053542686429451,0.0547650808614374
"578",1.82782608358363,0.0536297899717456,0.0547098002912511
"579",1.82967151140524,0.0537168760627191,0.0546546193547043
"580",1.83151733702721,0.0538039447131907,0.054599537759393
"581",1.83336356135576,0.0538909959339627,0.0545445552141608
"582",1.83521018529411,0.0539780297358208,0.0544896714290925
"583",1.83705720974246,0.0540650461295337,0.054434886115506
"584",1.83890463559802,0.0541520451258537,0.0543801989859465
"585",1.84075246375506,0.0542390267355166,0.0543256097541785
"586",1.84260069510487,0.0543259909692411,0.0542711181351795
"587",1.84444933053581,0.0544129378377299,0.0542167238451328
"588",1.84629837093334,0.0544998673516691,0.054162426601421
"589",1.84814781718,0.0545867795217283,0.0541082261226189
"590",1.84999767015546,0.0546736743585605,0.0540541221284871
"591",1.85184793073652,0.0547605518728029,0.054000114339965
"592",1.85369859979713,0.0548474120750758,0.0539462024791646
"593",1.8555496782084,0.0549342549759838,0.0538923862693633
"594",1.85740116683863,0.0550210805861149,0.0538386654349982
"595",1.8592530665533,0.055107888916041,0.0537850397016587
"596",1.86110537821513,0.0551946799763181,0.053731508796081
"597",1.86295810268406,0.0552814537774858,0.0536780724461409
"598",1.86481124081726,0.0553682103300681,0.0536247303808479
"599",1.86666479346919,0.0554549496445725,0.0535714823303387
"600",1.86851876149156,0.0555416717314912,0.0535183280258712
"601",1.87037314573339,0.0556283766012997,0.053465267199818
"602",1.87222794704101,0.0557150642644584,0.0534122995856603
"603",1.87408316625805,0.0558017347314114,0.0533594249179818
"604",1.8759388042255,0.0558883880125872,0.0533066429324629
"605",1.87779486178169,0.0559750241183986,0.053253953365874
"606",1.87965133976233,0.0560616430592428,0.0532013559560701
"607",1.88150823900051,0.0561482448455012,0.0531488504419846
"608",1.8833655603267,0.0562348294875394,0.0530964365636234
"609",1.88522330456881,0.056321396995708,0.053044114062059
"610",1.88708147255216,0.0564079473803418,0.0529918826794247
"611",1.8889400650995,0.0564944806517599,0.0529397421589088
"612",1.89079908303106,0.0565809968202663,0.0528876922447488
"613",1.89265852716452,0.0566674958961494,0.0528357326822258
"614",1.89451839831506,0.0567539778896824,0.0527838632176587
"615",1.89637869729534,0.0568404428111232,0.0527320835983986
"616",1.89823942491554,0.0569268906707143,0.0526803935728231
"617",1.90010058198336,0.0570133214786831,0.0526287928903311
"618",1.90196216930405,0.0570997352452416,0.0525772813013368
"619",1.90382418768041,0.057186131980587,0.0525258585572644
"620",1.90568663791279,0.0572725116949011,0.0524745244105429
"621",1.90754952079913,0.0573588743983507,0.0524232786146002
"622",1.90941283713497,0.0574452201010879,0.0523721209238583
"623",1.91127658771344,0.0575315488132492,0.0523210510937274
"624",1.91314077332531,0.0576178605449567,0.0522700688806009
"625",1.91500539475896,0.0577041553063171,0.0522191740418502
"626",1.91687045280042,0.0577904331074229,0.0521683663358192
"627",1.91873594823339,0.0578766939583513,0.0521176455218194
"628",1.92060188183924,0.0579629378691646,0.0520670113601245
"629",1.922468254397,0.0580491648499107,0.0520164636119654
"630",1.92433506668342,0.0581353749106228,0.0519660020395251
"631",1.92620231947295,0.0582215680613191,0.0519156264059335
"632",1.92807001353776,0.0583077443120033,0.0518653364752626
"633",1.92993814964776,0.0583939036726646,0.0518151320125215
"634",1.93180672857059,0.0584800461532777,0.0517650127836511
"635",1.93367575107167,0.0585661717638025,0.0517149785555197
"636",1.93554521791418,0.0586522805141848,0.0516650290959175
"637",1.93741512985907,0.0587383724143555,0.0516151641735524
"638",1.93928548766509,0.0588244474742317,0.0515653835580447
"639",1.94115629208881,0.0589105057037154,0.0515156870199223
"640",1.9430275438846,0.0589965471126948,0.0514660743306164
"641",1.94489924380468,0.0590825717110436,0.0514165452624562
"642",1.94677139259908,0.0591685795086214,0.0513670995886645
"643",1.94864399101571,0.0592545705152735,0.0513177370833531
"644",1.95051703980033,0.0593405447408308,0.0512684575215179
"645",1.95239053969658,0.0594265021951105,0.0512192606790345
"646",1.95426449144598,0.0595124428879151,0.0511701463326536
"647",1.95613889578797,0.0595983668290336,0.0511211142599964
"648",1.95801375345987,0.0596842740282407,0.05107216423955
"649",1.95988906519693,0.0597701644952972,0.051023296050663
"650",1.96176483173234,0.0598560382399496,0.0509745094735412
"651",1.96364105379722,0.0599418952719308,0.0509258042892428
"652",1.96551773212067,0.0600277356009599,0.0508771802796744
"653",1.96739486742971,0.0601135592367419,0.0508286372275864
"654",1.96927246044937,0.0601993661889678,0.0507801749165685
"655",1.97115051190265,0.0602851564673154,0.0507317931310458
"656",1.97302902251055,0.0603709300814481,0.0506834916562742
"657",1.97490799299207,0.0604566870410161,0.0506352702783362
"658",1.97678742406425,0.0605424273556556,0.0505871287841367
"659",1.97866731644213,0.0606281510349893,0.0505390669613989
"660",1.98054767083879,0.0607138580886261,0.0504910845986598
"661",1.98242848796538,0.0607995485261614,0.0504431814852664
"662",1.98430976853109,0.0608852223571774,0.0503953574113713
"663",1.98619151324319,0.0609708795912423,0.050347612167929
"664",1.98807372280701,0.061056520237911,0.0502999455466912
"665",1.98995639792598,0.0611421443067248,0.0502523573402033
"666",1.99183953930163,0.0612277518072122,0.0502048473418002
"667",1.9937231476336,0.0613133427488874,0.0501574153456022
"668",1.99560722361965,0.061398917141252,0.0501100611465112
"669",1.99749176795565,0.0614844749937939,0.0500627845402066
"670",1.99937678133562,0.0615700163159879,0.0500155853231415
"671",2.00126226445174,0.0616555411172955,0.0499684632925388
"672",2.00314821799433,0.061741049407165,0.0499214182463872
"673",2.00503464265187,0.0618265411950314,0.0498744499834375
"674",2.00692153911103,0.0619120164903167,0.0498275583031987
"675",2.00880890805666,0.0619974753024298,0.0497807430059342
"676",2.01069675017181,0.0620829176407665,0.0497340038926581
"677",2.01258506613773,0.0621683435147093,0.0496873407651314
"678",2.01447385663388,0.0622537529336282,0.0496407534258582
"679",2.01636312233793,0.0623391459068797,0.0495942416780822
"680",2.01825286392582,0.0624245224438077,0.0495478053257828
"681",2.02014308207168,0.062509882553743,0.0495014441736715
"682",2.02203377744793,0.0625952262460034,0.0494551580271883
"683",2.02392495072523,0.0626805535298943,0.0494089466924982
"684",2.0258166025725,0.0627658644147077,0.0493628099764875
"685",2.02770873365696,0.0628511589097233,0.0493167476867601
"686",2.02960134464408,0.0629364370242076,0.0492707596316341
"687",2.03149443619766,0.0630216987674146,0.0492248456201385
"688",2.03338800897977,0.0631069441485859,0.0491790054620091
"689",2.03528206365082,0.0631921731769497,0.0491332389676856
"690",2.03717660086951,0.0632773858617223,0.049087545948308
"691",2.03907162129289,0.0633625822121069,0.049041926215713
"692",2.04096712557633,0.0634477622372944,0.0489963795824306
"693",2.04286311437355,0.063532925946463,0.048950905861681
"694",2.04475958833663,0.0636180733487784,0.0489055048673707
"695",2.04665654811601,0.0637032044533938,0.0488601764140897
"696",2.04855399436048,0.0637883192694503,0.048814920317108
"697",2.05045192771723,0.0638734178060759,0.0487697363923719
"698",2.05235034883182,0.0639585000723867,0.0487246244565013
"699",2.05424925834822,0.0640435660774863,0.0486795843267861
"700",2.05614865690879,0.0641286158304661,0.0486346158211829
"701",2.05804854515429,0.0642136493404049,0.048589718758312
"702",2.05994892372391,0.0642986666163695,0.048544892957454
"703",2.06184979325528,0.0643836676674142,0.0485001382385467
"704",2.06375115438443,0.0644686525025815,0.0484554544221818
"705",2.06565300774586,0.0645536211309011,0.0484108413296021
"706",2.06755535397249,0.0646385735613912,0.0483662987826977
"707",2.06945819369573,0.0647235098030573,0.0483218266040037
"708",2.07136152754543,0.0648084298648932,0.0482774246166965
"709",2.07326535614992,0.0648933337558805,0.048233092644591
"710",2.075169680136,0.0649782214849886,0.0481888305121373
"711",2.07707450012898,0.065063093061175,0.048144638044418
"712",2.07897981675263,0.0651479484933853,0.048100515067145
"713",2.08088563062925,0.0652327877905532,0.0480564614066563
"714",2.08279194237963,0.0653176109616002,0.0480124768899134
"715",2.0846987526231,0.065402418015436,0.0479685613444982
"716",2.08660606197749,0.0654872089609587,0.0479247145986097
"717",2.08851387105916,0.0655719838070541,0.0478809364810617
"718",2.09042218048304,0.0656567425625966,0.0478372268212792
"719",2.09233099086256,0.0657414852364484,0.0477935854492961
"720",2.09424030280973,0.0658262118374603,0.047750012195752
"721",2.09615011693512,0.0659109223744712,0.0477065068918893
"722",2.09806043384786,0.0659956168563084,0.0476630693695507
"723",2.09997125415564,0.0660802952917873,0.0476196994611757
"724",2.10188257846476,0.0661649576897118,0.0475763969997987
"725",2.10379440738008,0.0662496040588743,0.0475331618190453
"726",2.10570674150507,0.0663342344080554,0.0474899937531302
"727",2.10761958144179,0.0664188487460242,0.047446892636854
"728",2.10953292779092,0.0665034470815382,0.0474038583056008
"729",2.11144678115174,0.0665880294233435,0.047360890595335
"730",2.11336114212216,0.0666725957801747,0.0473179893425993
"731",2.11527601129872,0.0667571461607549,0.0472751543845112
"732",2.11719138927659,0.0668416805737956,0.0472323855587608
"733",2.11910727664957,0.0669261990279971,0.047189682703608
"734",2.12102367401012,0.0670107015320484,0.0471470456578801
"735",2.12294058194937,0.0670951880946269,0.0471044742609687
"736",2.12485800105708,0.0671796587243987,0.0470619683528273
"737",2.12677593192168,0.0672641134300188,0.0470195277739689
"738",2.1286943751303,0.0673485522201308,0.0469771523654629
"739",2.13061333126872,0.067432975103367,0.0469348419689333
"740",2.13253280092143,0.0675173820883485,0.0468925964265553
"741",2.13445278467158,0.0676017731836851,0.0468504155810532
"742",2.13637328310106,0.0676861483979758,0.046808299275698
"743",2.13829429679043,0.067770507739808,0.0467662473543045
"744",2.14021582631898,0.0678548512177582,0.0467242596612291
"745",2.14213787226471,0.0679391788403919,0.046682336041367
"746",2.14406043520434,0.0680234906162633,0.0466404763401502
"747",2.14598351571332,0.0681077865539156,0.0465986804035446
"748",2.14790711436585,0.0681920666618812,0.0465569480780477
"749",2.14983123173484,0.068276330948681,0.0465152792106863
"750",2.15175586839199,0.0683605794228257,0.046473673649014
"751",2.15368102490771,0.0684448120928143,0.0464321312411086
"752",2.15560670185119,0.0685290289671353,0.04639065183557
"753",2.15753289979039,0.0686132300542662,0.0463492352815178
"754",2.15945961929203,0.0686974153626736,0.0463078814285885
"755",2.1613868609216,0.0687815849008132,0.0462665901269339
"756",2.1633146252434,0.0688657386771302,0.0462253612272181
"757",2.16524291282048,0.0689498767000586,0.0461841945806157
"758",2.16717172421471,0.0690339989780216,0.0461430900388088
"759",2.16910105998676,0.0691181055194321,0.0461020474539856
"760",2.17103092069608,0.0692021963326919,0.0460610666788374
"761",2.17296130690096,0.0692862714261921,0.0460201475665566
"762",2.17489221915849,0.0693703308083136,0.0459792899708345
"763",2.17682365802459,0.0694543744874258,0.0459384937458589
"764",2.17875562405398,0.0695384024718881,0.0458977587463119
"765",2.18068811780026,0.0696224147700493,0.0458570848273681
"766",2.18262113981582,0.0697064113902471,0.0458164718446915
"767",2.18455469065193,0.0697903923408094,0.0457759196544341
"768",2.18648877085869,0.069874357630053,0.0457354281132336
"769",2.18842338098505,0.0699583072662843,0.0456949970782107
"770",2.19035852157884,0.0700422412577992,0.0456546264069678
"771",2.19229419318673,0.0701261596128833,0.0456143159575858
"772",2.19423039635427,0.0702100623398116,0.0455740655886231
"773",2.1961671316259,0.0702939494468487,0.0455338751591126
"774",2.19810439954491,0.070377820942249,0.04549374452856
"775",2.20004220065351,0.0704616768342562,0.0454536735569416
"776",2.20198053549277,0.0705455171311039,0.0454136621047023
"777",2.20391940460267,0.0706293418410152,0.0453737100327534
"778",2.20585880852209,0.0707131509722031,0.0453338172024705
"779",2.20779874778883,0.07079694453287,0.0452939834756917
"780",2.20973922293956,0.0708807225312086,0.0452542087147155
"781",2.21168023450991,0.0709644849754006,0.0452144927822982
"782",2.21362178303441,0.0710482318736183,0.0451748355416529
"783",2.21556386904652,0.071131963234023,0.0451352368564467
"784",2.21750649307862,0.0712156790647667,0.0450956965907989
"785",2.21944965566204,0.0712993793739903,0.0450562146092793
"786",2.22139335732706,0.0713830641698254,0.0450167907769056
"787",2.22333759860287,0.0714667334603931,0.0449774249591422
"788",2.22528238001764,0.0715503872538045,0.0449381170218978
"789",2.22722770209849,0.0716340255581606,0.0448988668315235
"790",2.22917356537148,0.0717176483815523,0.0448596742548108
"791",2.23111997036168,0.0718012557320606,0.04482053915899
"792",2.23306691759307,0.0718848476177567,0.0447814614117279
"793",2.23501440758864,0.0719684240467015,0.0447424408811262
"794",2.23696244087036,0.0720519850269459,0.0447034774357194
"795",2.23891101795917,0.0721355305665313,0.0446645709444731
"796",2.24086013937501,0.0722190606734888,0.0446257212767821
"797",2.24280980563679,0.0723025753558397,0.0445869283024682
"798",2.24476001726243,0.0723860746215957,0.044548191891779
"799",2.24671077476887,0.0724695584787584,0.0445095119153854
"800",2.24866207867203,0.0725530269353194,0.0444708882443804
"801",2.25061392948685,0.0726364799992609,0.0444323207502766
"802",2.25256632772728,0.0727199176785552,0.0443938093050049
"803",2.25451927390629,0.0728033399811647,0.0443553537809127
"804",2.25647276853589,0.0728867469150423,0.0443169540507617
"805",2.25842681212709,0.0729701384881308,0.0442786099877266
"806",2.26038140518995,0.0730535147083639,0.0442403214653929
"807",2.26233654823357,0.073136875583665,0.0442020883577555
"808",2.26429224176609,0.0732202211219483,0.0441639105392167
"809",2.26624848629467,0.0733035513311179,0.0441257878845848
"810",2.26820528232556,0.0733868662190689,0.0440877202690717
"811",2.27016263036403,0.0734701657936864,0.044049707568292
"812",2.27212053091442,0.073553450062846,0.0440117496582608
"813",2.27407898448015,0.0736367190344138,0.0439738464153918
"814",2.27603799156367,0.0737199727162464,0.0439359977164962
"815",2.27799755266653,0.0738032111161907,0.0438982034387807
"816",2.27995766828935,0.0738864342420843,0.0438604634598456
"817",2.28191833893183,0.0739696421017554,0.0438227776576836
"818",2.28387956509272,0.0740528347030224,0.0437851459106777
"819",2.28584134726991,0.0741360120536947,0.0437475680975999
"820",2.28780368596035,0.074219174161572,0.0437100440976093
"821",2.28976658166008,0.0743023210344447,0.0436725737902506
"822",2.29173003486426,0.0743854526800939,0.0436351570554526
"823",2.29369404606714,0.0744685691062912,0.0435977937735261
"824",2.29565861576208,0.074551670320799,0.0435604838251629
"825",2.29762374444155,0.0746347563313704,0.0435232270914338
"826",2.29958943259713,0.074717827145749,0.0434860234537872
"827",2.30155568071953,0.0748008827716695,0.0434488727940474
"828",2.30352248929857,0.074883923216857,0.0434117749944131
"829",2.30548985882321,0.0749669484890274,0.0433747299374558
"830",2.30745778978154,0.0750499585958877,0.0433377375061182
"831",2.30942628266076,0.0751329535451353,0.0433007975837128
"832",2.31139533794724,0.0752159333444589,0.0432639100539203
"833",2.31336495612647,0.0752988980015374,0.0432270748007877
"834",2.3153351376831,0.0753818475240412,0.0431902917087276
"835",2.31730588310091,0.0754647819196311,0.0431535606625158
"836",2.31927719286286,0.0755477011959593,0.0431168815472904
"837",2.32124906745104,0.0756306053606683,0.0430802542485499
"838",2.32322150734671,0.0757134944213923,0.0430436786521519
"839",2.32519451303031,0.0757963683857555,0.0430071546443118
"840",2.32716808498143,0.0758792272613741,0.0429706821116009
"841",2.32914222367883,0.0759620710558545,0.0429342609409451
"842",2.33111692960045,0.0760448997767946,0.0428978910196238
"843",2.33309220322341,0.076127713431783,0.0428615722352678
"844",2.335068045024,0.0762105120283997,0.0428253044758582
"845",2.33704445547773,0.0762932955742154,0.0427890876297252
"846",2.33902143505926,0.0763760640767921,0.0427529215855461
"847",2.34099898424245,0.076458817543683,0.0427168062323444
"848",2.34297710350038,0.0765415559824321,0.0426807414594881
"849",2.34495579330531,0.0766242794005748,0.0426447271566881
"850",2.34693505412869,0.0767069878056379,0.0426087632139975
"851",2.34891488644122,0.0767896812051386,0.0425728495218094
"852",2.35089529071276,0.0768723596065862,0.0425369859708559
"853",2.35287626741242,0.0769550230174806,0.0425011724522068
"854",2.35485781700851,0.0770376714453131,0.042465408857268
"855",2.35683993996856,0.0771203048975664,0.0424296950777803
"856",2.35882263675933,0.0772029233817142,0.0423940310058179
"857",2.3608059078468,0.0772855269052219,0.0423584165337871
"858",2.36278975369618,0.0773681154755458,0.042322851554425
"859",2.36477417477193,0.0774506891001335,0.0422873359607983
"860",2.36675917153772,0.0775332477864243,0.0422518696463014
"861",2.36874474445648,0.0776157915418488,0.0422164525046557
"862",2.37073089399038,0.0776983203738287,0.0421810844299082
"863",2.37271762060083,0.0777808342897771,0.0421457653164296
"864",2.37470492474849,0.0778633332970989,0.0421104950589139
"865",2.37669280689328,0.0779458174031902,0.0420752735523763
"866",2.37868126749438,0.0780282866154381,0.0420401006921523
"867",2.3806703070102,0.0781107409412222,0.0420049763738963
"868",2.38265992589845,0.0781931803879125,0.0419699004935806
"869",2.38465012461609,0.0782756049628711,0.0419348729474934
"870",2.38664090361934,0.0783580146734516,0.0418998936322386
"871",2.3886322633637,0.0784404095269988,0.0418649624447335
"872",2.39062420430395,0.0785227895308496,0.0418300792822082
"873",2.39261672689414,0.0786051546923318,0.041795244042204
"874",2.39460983158761,0.0786875050187651,0.0417604566225725
"875",2.39660351883697,0.0787698405174611,0.0417257169214741
"876",2.39859778909412,0.0788521611957225,0.0416910248373767
"877",2.40059264281027,0.0789344670608438,0.0416563802690548
"878",2.4025880804359,0.0790167581201114,0.041621783115588
"879",2.4045841024208,0.0790990343808031,0.0415872332763599
"880",2.40658070921404,0.0791812958501885,0.0415527306510567
"881",2.40857790126402,0.0792635425355288,0.0415182751396665
"882",2.41057567901842,0.079345774444077,0.0414838666424776
"883",2.41257404292425,0.0794279915830778,0.0414495050600774
"884",2.41457299342781,0.0795101939597675,0.0414151902933515
"885",2.41657253097473,0.0795923815813746,0.0413809222434822
"886",2.41857265600994,0.079674554455119,0.0413467008119475
"887",2.42057336897771,0.0797567125882123,0.0413125259005198
"888",2.42257467032161,0.0798388559878584,0.0412783974112651
"889",2.42457656048456,0.0799209846612526,0.0412443152465412
"890",2.42657903990879,0.0800030986155823,0.0412102793089974
"891",2.42858210903587,0.0800851978580265,0.0411762895015723
"892",2.43058576830669,0.0801672823957563,0.0411423457274938
"893",2.43259001816149,0.0802493522359348,0.0411084478902772
"894",2.43459485903985,0.0803314073857165,0.0410745958937241
"895",2.43660029138068,0.0804134478522484,0.0410407896419219
"896",2.43860631562225,0.0804954736426692,0.0410070290392418
"897",2.44061293220216,0.0805774847641095,0.0409733139903386
"898",2.44262014155738,0.0806594812236919,0.0409396444001487
"899",2.44462794412422,0.0807414630285312,0.0409060201738898
"900",2.44663634033834,0.0808234301857339,0.0408724412170594
"901",2.44864533063478,0.0809053827023988,0.0408389074354335
"902",2.45065491544791,0.0809873205856164,0.040805418735066
"903",2.4526650952115,0.0810692438424696,0.0407719750222876
"904",2.45467587035866,0.0811511524800331,0.0407385762037041
"905",2.45668724132188,0.081233046505374,0.040705222186196
"906",2.45869920853301,0.0813149259255511,0.0406719128769173
"907",2.46071177242328,0.0813967907476155,0.0406386481832942
"908",2.46272493342331,0.0814786409786107,0.0406054280130242
"909",2.46473869196309,0.0815604766255718,0.040572252274075
"910",2.46675304847197,0.0816422976955264,0.0405391208746838
"911",2.46876800337873,0.0817241041954945,0.0405060337233556
"912",2.47078355711149,0.0818058961324877,0.0404729907288628
"913",2.47279971009779,0.0818876735135102,0.0404399918002438
"914",2.47481646276456,0.0819694363455585,0.0404070368468021
"915",2.4768338155381,0.082051184635621,0.0403741257781054
"916",2.47885176884414,0.0821329183906785,0.0403412585039842
"917",2.48087032310779,0.0822146376177043,0.0403084349345312
"918",2.48288947875357,0.0822963423236637,0.0402756549801004
"919",2.48490923620539,0.0823780325155142,0.0402429185513054
"920",2.48692959588658,0.082459708200206,0.0402102255590193
"921",2.48895055821988,0.0825413693846812,0.0401775759143729
"922",2.49097212362744,0.0826230160758747,0.0401449695287543
"923",2.49299429253082,0.0827046482807133,0.0401124063138078
"924",2.495017065351,0.0827862660061165,0.0400798861814326
"925",2.49704044250838,0.0828678692589959,0.0400474090437823
"926",2.49906442442277,0.0829494580462559,0.0400149748132635
"927",2.50108901151342,0.0830310323747928,0.0399825834025353
"928",2.50311420419901,0.0831125922514957,0.0399502347245078
"929",2.50514000289762,0.0831941376832461,0.0399179286923418
"930",2.50716640802679,0.0832756686769178,0.0398856652194471
"931",2.50919342000347,0.0833571852393773,0.0398534442194822
"932",2.51122103924407,0.0834386873774833,0.0398212656063531
"933",2.51324926616442,0.0835201750980873,0.0397891292942123
"934",2.51527810117979,0.0836016484080329,0.039757035197458
"935",2.5173075447049,0.0836831073141567,0.0397249832307331
"936",2.51933759715391,0.0837645518232876,0.0396929733089245
"937",2.52136825894043,0.0838459819422471,0.0396610053471616
"938",2.52339953047752,0.0839273976778493,0.0396290792608162
"939",2.52543141217768,0.0840087990369006,0.0395971949655009
"940",2.52746390445289,0.0840901860262006,0.0395653523770686
"941",2.52949700771455,0.0841715586525409,0.0395335514116113
"942",2.53153072237353,0.084252916922706,0.0395017919854597
"943",2.53356504884019,0.0843342608434731,0.0394700740151818
"944",2.53559998752431,0.084415590421612,0.0394383974175821
"945",2.53763553883516,0.084496905663885,0.039406762109701
"946",2.53967170318147,0.0845782065770473,0.0393751680088136
"947",2.54170848097143,0.0846594931678468,0.0393436150324291
"948",2.54374587261272,0.0847407654430239,0.0393121030982897
"949",2.54578387851247,0.0848220234093119,0.0392806321243699
"950",2.54782249907731,0.0849032670734369,0.0392492020288756
"951",2.54986173471333,0.0849844964421174,0.0392178127302431
"952",2.5519015858261,0.0850657115220651,0.0391864641471384
"953",2.55394205282068,0.0851469123199842,0.0391551561984564
"954",2.55598313610161,0.0852280988425718,0.0391238888033199
"955",2.55802483607291,0.0853092710965176,0.0390926618810787
"956",2.5600671531381,0.0853904290885046,0.0390614753513091
"957",2.56211008770018,0.0854715728252081,0.0390303291338128
"958",2.56415364016165,0.0855527023132966,0.0389992231486159
"959",2.56619781092449,0.0856338175594311,0.0389681573159687
"960",2.56824260039019,0.0857149185702659,0.0389371315563441
"961",2.57028800895973,0.0857960053524479,0.0389061457904373
"962",2.5723340370336,0.085877077912617,0.0388751999391648
"963",2.57438068501177,0.085958136257406,0.0388442939236637
"964",2.57642795329374,0.0860391803934406,0.0388134276652908
"965",2.57847584227851,0.0861202103273394,0.0387826010856217
"966",2.58052435236457,0.0862012260657139,0.0387518141064503
"967",2.58257348394994,0.0862822276151689,0.0387210666497876
"968",2.58462323743215,0.0863632149823018,0.0386903586378613
"969",2.58667361320822,0.0864441881737031,0.0386596899931148
"970",2.58872461167473,0.0865251471959563,0.0386290606382063
"971",2.59077623322773,0.0866060920556381,0.0385984704960083
"972",2.59282847826282,0.0866870227593178,0.0385679194896067
"973",2.59488134717512,0.0867679393135583,0.0385374075423001
"974",2.59693484035925,0.086848841724915,0.0385069345775985
"975",2.59898895820939,0.0869297299999368,0.0384765005192236
"976",2.60104370111922,0.0870106041451653,0.0384461052911069
"977",2.60309906948196,0.0870914641671355,0.0384157488173897
"978",2.60515506369037,0.0871723100723756,0.038385431022422
"979",2.60721168413671,0.0872531418674064,0.0383551518307619
"980",2.60926893121282,0.0873339595587422,0.0383249111671746
"981",2.61132680531004,0.0874147631528905,0.0382947089566322
"982",2.61338530681927,0.0874955526563518,0.0382645451243121
"983",2.61544443613093,0.0875763280756198,0.0382344195955971
"984",2.61750419363502,0.0876570894171813,0.0382043322960742
"985",2.61956457972103,0.0877378366875164,0.0381742831515341
"986",2.62162559477804,0.0878185698930984,0.0381442720879701
"987",2.62368723919466,0.0878992890403938,0.0381142990315778
"988",2.62574951335905,0.0879799941358623,0.0380843639087541
"989",2.62781241765892,0.0880606851859568,0.0380544666460966
"990",2.62987595248154,0.0881413621971237,0.038024607170403
"991",2.63194011821373,0.0882220251758021,0.0379947854086699
"992",2.63400491524186,0.0883026741284252,0.0379650012880928
"993",2.63607034395186,0.0883833090614187,0.0379352547360648
"994",2.63813640472924,0.0884639299812021,0.0379055456801762
"995",2.64020309795905,0.0885445368941881,0.0378758740482135
"996",2.6422704240259,0.0886251298067825,0.0378462397681593
"997",2.64433838331398,0.0887057087253847,0.0378166427681908
"998",2.64640697620704,0.0887862736563875,0.0377870829766799
"999",2.6484762030884,0.0888668246061767,0.0377575603221919
"1000",2.65054606434096,0.0889473615811318,0.037728074733485
"1001",2.65261656034716,0.0890278845876257,0.0376986261395098
"1002",2.65468769148905,0.0891083936320244,0.0376692144694085
"1003",2.65675945814824,0.0891888887206875,0.0376398396525141
"1004",2.65883186070591,0.0892693698599683,0.0376105016183499
"1005",2.66090489954283,0.0893498370562128,0.0375812002966288
"1006",2.66297857503935,0.0894302903157612,0.0375519356172523
"1007",2.66505288757539,0.0895107296449468,0.0375227075103106
"1008",2.66712783753047,0.0895911550500963,0.037493515906081
"1009",2.66920342528367,0.0896715665375301,0.0374643607350281
"1010",2.67127965121369,0.0897519641135619,0.0374352419278023
"1011",2.6733565156988,0.0898323477844991,0.03740615941524
"1012",2.67543401911686,0.0899127175566423,0.0373771131283624
"1013",2.67751216184531,0.089993073436286,0.0373481029983748
"1014",2.67959094426122,0.090073415429718,0.0373191289566665
"1015",2.68167036674121,0.0901537435432197,0.0372901909348094
"1016",2.68375042966153,0.0902340577830661,0.037261288864558
"1017",2.68583113339801,0.0903143581555257,0.0372324226778487
"1018",2.68791247832609,0.0903946446668606,0.0372035923067985
"1019",2.6899944648208,0.0904749173233266,0.0371747976837052
"1020",2.69207709325678,0.0905551761311729,0.0371460387410464
"1021",2.69416036400828,0.0906354210966426,0.0371173154114789
"1022",2.69624427744914,0.0907156522259721,0.0370886276278379
"1023",2.69832883395282,0.0907958695253916,0.0370599753231368
"1024",2.70041403389238,0.0908760730011251,0.0370313584305662
"1025",2.70249987764051,0.0909562626593901,0.0370027768834934
"1026",2.70458636556948,0.0910364385063975,0.0369742306154619
"1027",2.7066734980512,0.0911166005483526,0.0369457195601907
"1028",2.70876127545718,0.0911967487914537,0.0369172436515737
"1029",2.71084969815855,0.0912768832418931,0.0368888028236788
"1030",2.71293876652607,0.0913570039058568,0.0368603970107481
"1031",2.71502848093009,0.0914371107895244,0.0368320261471963
"1032",2.71711884174062,0.0915172038990697,0.036803690167611
"1033",2.71920984932727,0.0915972832406596,0.0367753890067514
"1034",2.72130150405926,0.0916773488204551,0.036747122599548
"1035",2.72339380630546,0.091757400644611,0.0367188908811023
"1036",2.72548675643436,0.0918374387192759,0.0366906937866856
"1037",2.72758035481407,0.0919174630505919,0.036662531251739
"1038",2.72967460181233,0.0919974736446952,0.0366344032118723
"1039",2.73176949779654,0.0920774705077158,0.0366063096028639
"1040",2.73386504313368,0.0921574536457774,0.0365782503606599
"1041",2.73596123819041,0.0922374230649975,0.0365502254213736
"1042",2.738058083333,0.0923173787714877,0.0365222347212852
"1043",2.74015557892737,0.0923973207713532,0.0364942781968405
"1044",2.74225372533907,0.0924772490706933,0.0364663557846513
"1045",2.74435252293329,0.0925571636756009,0.0364384674214942
"1046",2.74645197207486,0.0926370645921628,0.0364106130443101
"1047",2.74855207312826,0.0927169518264601,0.0363827925902037
"1048",2.75065282645761,0.0927968253845675,0.0363550059964433
"1049",2.75275423242667,0.0928766852725534,0.0363272532004595
"1050",2.75485629139885,0.0929565314964806,0.0362995341398452
"1051",2.75695900373721,0.0930363640624058,0.0362718487523552
"1052",2.75906236980446,0.0931161829763792,0.036244196975905
"1053",2.76116638996295,0.0931959882444454,0.0362165787485708
"1054",2.76327106457469,0.0932757798726428,0.0361889940085887
"1055",2.76537639400134,0.0933555578670037,0.0361614426943544
"1056",2.76748237860423,0.0934353222335547,0.0361339247444222
"1057",2.76958901874433,0.093515072978316,0.0361064400975051
"1058",2.77169631478225,0.0935948101073021,0.0360789886924737
"1059",2.7738042670783,0.0936745336265216,0.036051570468356
"1060",2.77591287599242,0.0937542435419767,0.0360241853643367
"1061",2.77802214188422,0.093833939859664,0.0359968333197568
"1062",2.78013206511297,0.0939136225855743,0.0359695142741129
"1063",2.78224264603761,0.093993291725692,0.0359422281670569
"1064",2.78435388501673,0.094072947285996,0.0359149749383955
"1065",2.78646578240861,0.094152589272459,0.0358877545280891
"1066",2.78857833857117,0.0942322176910478,0.0358605668762523
"1067",2.79069155386203,0.0943118325477236,0.0358334119231523
"1068",2.79280542863844,0.0943914338484414,0.0358062896092093
"1069",2.79491996325737,0.0944710215991504,0.0357791998749954
"1070",2.79703515807541,0.0945505958057943,0.0357521426612342
"1071",2.79915101344888,0.0946301564743103,0.0357251179088007
"1072",2.80126752973372,0.09470970361063,0.0356981255587201
"1073",2.80338470728559,0.0947892372206797,0.0356711655521679
"1074",2.8055025464598,0.094868757310379,0.0356442378304692
"1075",2.80762104761135,0.0949482638856424,0.035617342335098
"1076",2.80974021109492,0.0950277569523781,0.0355904790076771
"1077",2.81186003726488,0.0951072365164887,0.0355636477899771
"1078",2.81398052647525,0.0951867025838712,0.0355368486239165
"1079",2.81610167907978,0.0952661551604166,0.0355100814515607
"1080",2.81822349543188,0.0953455942520101,0.0354833462151218
"1081",2.82034597588463,0.0954250198645312,0.035456642856958
"1082",2.82246912079082,0.0955044320038538,0.0354299713195733
"1083",2.82459293050294,0.095583830675846,0.0354033315456165
"1084",2.82671740537313,0.0956632158863698,0.0353767234778815
"1085",2.82884254575326,0.0957425876412822,0.0353501470593062
"1086",2.83096835199488,0.0958219459464339,0.0353236022329723
"1087",2.83309482444921,0.09590129080767,0.0352970889421046
"1088",2.8352219634672,0.09598062223083,0.0352706071300709
"1089",2.83734976939948,0.0960599402217479,0.0352441567403813
"1090",2.83947824259637,0.0961392447862518,0.0352177377166876
"1091",2.8416073834079,0.0962185359301642,0.0351913500027831
"1092",2.84373719218379,0.0962978136593019,0.035164993542602
"1093",2.84586766927346,0.0963770779794759,0.035138668280219
"1094",2.84799881502604,0.0964563288964921,0.0351123741598487
"1095",2.85013062979036,0.0965355664161504,0.0350861111258453
"1096",2.85226311391495,0.0966147905442449,0.0350598791227021
"1097",2.85439626774804,0.0966940012865646,0.035033678095051
"1098",2.85653009163758,0.0967731986488924,0.0350075079876622
"1099",2.85866458593122,0.096852382637006,0.0349813687454433
"1100",2.86079975097631,0.0969315532566772,0.0349552603134395
"1101",2.86293558711993,0.0970107105136727,0.0349291826368328
"1102",2.86507209470884,0.0970898544137531,0.0349031356609413
"1103",2.86720927408954,0.0971689849626736,0.0348771193312195
"1104",2.86934712560823,0.0972481021661843,0.0348511335932569
"1105",2.87148564961082,0.0973272060300292,0.0348251783927785
"1106",2.87362484644294,0.0974062965599469,0.0347992536756435
"1107",2.87576471644994,0.0974853737616709,0.0347733593878457
"1108",2.87790525997688,0.0975644376409287,0.0347474954755124
"1109",2.88004647736854,0.0976434882034425,0.0347216618849042
"1110",2.88218836896942,0.0977225254549291,0.0346958585624147
"1111",2.88433093512375,0.0978015494010995,0.03467008545457
"1112",2.88647417617545,0.0978805600476598,0.0346443425080279
"1113",2.8886180924682,0.09795955740031,0.0346186296695782
"1114",2.89076268434538,0.0980385414647452,0.0345929468861417
"1115",2.8929079521501,0.0981175122466548,0.0345672941047699
"1116",2.8950538962252,0.0981964697517226,0.0345416712726447
"1117",2.89720051691324,0.0982754139856273,0.034516078337078
"1118",2.89934781455651,0.0983543449540421,0.0344905152455109
"1119",2.90149578949703,0.0984332626626346,0.034464981945514
"1120",2.90364444207655,0.0985121671170673,0.0344394783847863
"1121",2.90579377263654,0.0985910583229971,0.0344140045111549
"1122",2.90794378151823,0.0986699362860756,0.0343885602725752
"1123",2.91009446906255,0.0987488010119489,0.0343631456171297
"1124",2.91224583561018,0.0988276525062581,0.0343377604930279
"1125",2.91439788150152,0.0989064907746385,0.034312404848606
"1126",2.91655060707674,0.0989853158227205,0.0342870786323266
"1127",2.91870401267571,0.0990641276561286,0.0342617817927778
"1128",2.92085809863805,0.0991429262804826,0.0342365142786733
"1129",2.92301286530313,0.0992217117013965,0.0342112760388517
"1130",2.92516831301004,0.0993004839244793,0.0341860670222763
"1131",2.92732444209762,0.0993792429553345,0.0341608871780346
"1132",2.92948125290447,0.0994579887995604,0.0341357364553379
"1133",2.9316387457689,0.0995367214627499,0.0341106148035209
"1134",2.93379692102898,0.099615440950491,0.0340855221720414
"1135",2.93595577902252,0.099694147268366,0.0340604585104798
"1136",2.93811532008709,0.099772840421952,0.0340354237685387
"1137",2.94027554455999,0.0998515204168211,0.0340104178960428
"1138",2.94243645277827,0.09993018725854,0.0339854408429379
"1139",2.94459804507874,0.10000884095267,0.0339604925592912
"1140",2.94676032179794,0.100087481504768,0.0339355729952906
"1141",2.94892328327217,0.100166108920384,0.0339106821012442
"1142",2.95108692983749,0.100244723205065,0.0338858198275802
"1143",2.9532512618297,0.100323324364351,0.0338609861248461
"1144",2.95541627958437,0.100401912403777,0.033836180943709
"1145",2.95758198343679,0.100480487328874,0.0338114042349546
"1146",2.95974837372204,0.100559049145167,0.0337866559494869
"1147",2.96191545077494,0.100637597858176,0.0337619360383283
"1148",2.96408321493008,0.100716133473415,0.0337372444526187
"1149",2.96625166652177,0.100794655996395,0.0337125811436155
"1150",2.96842080588414,0.100873165432619,0.0336879460626928
"1151",2.97059063335102,0.100951661787588,0.0336633391613416
"1152",2.97276114925604,0.101030145066794,0.033638760391169
"1153",2.97493235393257,0.101108615275728,0.0336142097038979
"1154",2.97710424771376,0.101187072419874,0.0335896870513669
"1155",2.9792768309325,0.10126551650471,0.0335651923855295
"1156",2.98145010392146,0.10134394753571,0.0335407256584543
"1157",2.98362406701309,0.101422365518343,0.0335162868223242
"1158",2.98579872053957,0.101500770458072,0.033491875829436
"1159",2.98797406483286,0.101579162360356,0.0334674926322005
"1160",2.99015010022472,0.10165754123065,0.0334431371831417
"1161",2.99232682704662,0.1017359070744,0.0334188094348966
"1162",2.99450424562986,0.101814259897051,0.0333945093402151
"1163",2.99668235630546,0.101892599704041,0.0333702368519591
"1164",2.99886115940424,0.101970926500803,0.0333459919231026
"1165",3.00104065525679,0.102049240292766,0.0333217745067313
"1166",3.00322084419346,0.102127541085353,0.0332975845560421
"1167",3.00540172654438,0.102205828883983,0.0332734220243429
"1168",3.00758330263947,0.102284103694068,0.033249286865052
"1169",3.00976557280839,0.102362365521017,0.033225179031698
"1170",3.01194853738061,0.102440614370234,0.0332010984779197
"1171",3.01413219668537,0.102518850247117,0.0331770451574651
"1172",3.01631655105168,0.102597073157059,0.0331530190241915
"1173",3.01850160080833,0.102675283105449,0.0331290200320652
"1174",3.02068734628388,0.10275348009767,0.0331050481351611
"1175",3.0228737878067,0.102831664139101,0.0330811032876621
"1176",3.02506092570492,0.102909835235116,0.0330571854438592
"1177",3.02724876030646,0.102987993391084,0.0330332945581508
"1178",3.029437291939,0.103066138612367,0.0330094305850426
"1179",3.03162652093004,0.103144270904326,0.0329855934791473
"1180",3.03381644760684,0.103222390272314,0.032961783195184
"1181",3.03600707229646,0.10330049672168,0.032937999687978
"1182",3.03819839532574,0.103378590257768,0.0329142429124608
"1183",3.04039041702129,0.103456670885918,0.0328905128236693
"1184",3.04258313770955,0.103534738611465,0.0328668093767456
"1185",3.0447765577167,0.103612793439738,0.0328431325269368
"1186",3.04697067736874,0.103690835376061,0.0328194822295949
"1187",3.04916549699146,0.103768864425755,0.0327958584401758
"1188",3.05136101691043,0.103846880594134,0.0327722611142396
"1189",3.05355723745101,0.10392488388651,0.03274869020745
"1190",3.05575415893836,0.104002874308187,0.0327251456755743
"1191",3.05795178169745,0.104080851864466,0.0327016274744825
"1192",3.060150106053,0.104158816560642,0.0326781355601476
"1193",3.06234913232957,0.104236768402007,0.0326546698886448
"1194",3.0645488608515,0.104314707393847,0.0326312304161516
"1195",3.06674929194291,0.104392633541443,0.0326078170989472
"1196",3.06895042592773,0.104470546850072,0.0325844298934123
"1197",3.0711522631297,0.104548447325006,0.0325610687560289
"1198",3.07335480387235,0.104626334971511,0.0325377336433797
"1199",3.07555804847901,0.104704209794851,0.032514424512148
"1200",3.07776199727279,0.104782071800282,0.0324911413191176
"1201",3.07996665057664,0.104859920993058,0.032467884021172
"1202",3.08217200871328,0.104937757378426,0.0324446525752945
"1203",3.08437807200525,0.10501558096163,0.0324214469385677
"1204",3.08658484077489,0.105093391747908,0.0323982670681733
"1205",3.08879231534434,0.105171189742495,0.0323751129213918
"1206",3.09100049603554,0.105248974950619,0.032351984455602
"1207",3.09320938317025,0.105326747377506,0.0323288816282813
"1208",3.09541897707003,0.105404507028374,0.0323058043970044
"1209",3.09762927805625,0.105482253908439,0.0322827527194441
"1210",3.09984028645007,0.105559988022912,0.0322597265533702
"1211",3.10205200257249,0.105637709376998,0.0322367258566496
"1212",3.10426442674429,0.105715417975898,0.0322137505872458
"1213",3.10647755928607,0.105793113824809,0.032190800703219
"1214",3.10869140051826,0.105870796928922,0.0321678761627252
"1215",3.11090595076107,0.105948467293425,0.0321449769240164
"1216",3.11312121033454,0.1060261249235,0.0321221029454403
"1217",3.11533717955853,0.106103769824326,0.0320992541854397
"1218",3.11755385875269,0.106181402001074,0.0320764306025524
"1219",3.1197712482365,0.106259021458915,0.032053632155411
"1220",3.12198934832926,0.106336628203011,0.0320308588027424
"1221",3.12420815935007,0.106414222238523,0.0320081105033677
"1222",3.12642768161786,0.106491803570605,0.031985387216202
"1223",3.12864791545138,0.106569372204408,0.0319626889002538
"1224",3.13086886116918,0.106646928145077,0.0319400155146251
"1225",3.13309051908964,0.106724471397753,0.0319173670185106
"1226",3.13531288953096,0.106802001967573,0.0318947433711982
"1227",3.13753597281116,0.106879519859668,0.031872144532068
"1228",3.13975976924808,0.106957025079167,0.0318495704605924
"1229",3.14198427915937,0.107034517631192,0.0318270211163356
"1230",3.14420950286253,0.107111997520861,0.0318044964589537
"1231",3.14643544067485,0.107189464753288,0.0317819964481941
"1232",3.14866209291346,0.107266919333582,0.0317595210438951
"1233",3.15088945989532,0.107344361266849,0.0317370702059863
"1234",3.1531175419372,0.107421790558188,0.0317146438944875
"1235",3.15534633935571,0.107499207212696,0.0316922420695089
"1236",3.15757585246727,0.107576611235462,0.031669864691251
"1237",3.15980608158814,0.107654002631575,0.0316475117200039
"1238",3.1620370270344,0.107731381406116,0.0316251831161471
"1239",3.16426868912196,0.107808747564163,0.0316028788401495
"1240",3.16650106816656,0.10788610111079,0.0315805988525692
"1241",3.16873416448377,0.107963442051065,0.0315583431140527
"1242",3.17096797838899,0.108040770390053,0.0315361115853352
"1243",3.17320251019745,0.108118086132813,0.03151390422724
"1244",3.17543776022421,0.108195389284401,0.0314917210006784
"1245",3.17767372878416,0.108272679849869,0.0314695618666495
"1246",3.17991041619203,0.108349957834262,0.0314474267862397
"1247",3.18214782276237,0.108427223242624,0.0314253157206228
"1248",3.18438594880958,0.108504476079991,0.0314032286310593
"1249",3.18662479464789,0.108581716351397,0.0313811654788965
"1250",3.18886436059135,0.108658944061871,0.0313591262255682
"1251",3.19110464695386,0.108736159216438,0.0313371108325943
"1252",3.19334565404917,0.108813361820118,0.0313151192615807
"1253",3.19558738219083,0.108890551877926,0.0312931514742188
"1254",3.19782983169227,0.108967729394875,0.0312712074322856
"1255",3.20007300286672,0.10904489437597,0.0312492870976434
"1256",3.20231689602727,0.109122046826215,0.0312273904322392
"1257",3.20456151148686,0.109199186750608,0.0312055173981048
"1258",3.20680684955823,0.109276314154143,0.0311836679573564
"1259",3.20905291055401,0.10935342904181,0.0311618420721945
"1260",3.21129969478664,0.109430531418593,0.0311400397049034
"1261",3.2135472025684,0.109507621289474,0.0311182608178513
"1262",3.21579543421144,0.10958469865943,0.0310965053734898
"1263",3.21804439002773,0.109661763533432,0.0310747733343537
"1264",3.22029407032908,0.109738815916449,0.0310530646630607
"1265",3.22254447542717,0.109815855813444,0.0310313793223116
"1266",3.2247956056335,0.109892883229377,0.0310097172748893
"1267",3.22704746125942,0.109969898169202,0.0309880784836592
"1268",3.22930004261614,0.110046900637871,0.0309664629115687
"1269",3.2315533500147,0.11012389064033,0.0309448705216471
"1270",3.23380738376601,0.110200868181522,0.0309233012770051
"1271",3.2360621441808,0.110277833266383,0.0309017551408349
"1272",3.23831763156966,0.110354785899848,0.0308802320764096
"1273",3.24057384624304,0.110431726086847,0.0308587320470833
"1274",3.24283078851122,0.110508653832304,0.0308372550162908
"1275",3.24508845868435,0.11058556914114,0.0308158009475473
"1276",3.24734685707243,0.110662472018273,0.0307943698044479
"1277",3.24960598398528,0.110739362468613,0.0307729615506681
"1278",3.25186583973262,0.110816240497071,0.0307515761499627
"1279",3.25412642462398,0.11089310610855,0.0307302135661663
"1280",3.25638773896877,0.110969959307949,0.0307088737631926
"1281",3.25864978307624,0.111046800100164,0.0306875567050344
"1282",3.2609125572555,0.111123628490086,0.0306662623557632
"1283",3.26317606181553,0.111200444482604,0.0306449906795293
"1284",3.26544029706513,0.111277248082599,0.0306237416405613
"1285",3.26770526331298,0.11135403929495,0.0306025152031657
"1286",3.26997096086762,0.111430818124533,0.0305813113317273
"1287",3.27223739003743,0.111507584576218,0.0305601299907083
"1288",3.27450455113067,0.11158433865487,0.0305389711446486
"1289",3.27677244445543,0.111661080365352,0.0305178347581652
"1290",3.27904107031969,0.111737809712523,0.0304967207959522
"1291",3.28131042903127,0.111814526701235,0.0304756292227806
"1292",3.28358052089784,0.11189123133634,0.0304545600034978
"1293",3.28585134622697,0.111967923622681,0.0304335131030278
"1294",3.28812290532604,0.112044603565101,0.0304124884863707
"1295",3.29039519850233,0.112121271168437,0.0303914861186026
"1296",3.29266822606296,0.112197926437521,0.0303705059648751
"1297",3.29494198831494,0.112274569377185,0.0303495479904157
"1298",3.29721648556511,0.112351199992251,0.030328612160527
"1299",3.29949171812019,0.112427818287541,0.0303076984405867
"1300",3.30176768628676,0.112504424267873,0.0302868067960475
"1301",3.30404439037127,0.112581017938058,0.0302659371924368
"1302",3.30632183068004,0.112657599302905,0.0302450895953562
"1303",3.30860000751925,0.112734168367218,0.0302242639704818
"1304",3.31087892119493,0.112810725135799,0.0302034602835639
"1305",3.31315857201301,0.112887269613444,0.0301826785004263
"1306",3.31543896027925,0.112963801804944,0.0301619185869666
"1307",3.31772008629931,0.113040321715089,0.030141180509156
"1308",3.32000195037871,0.113116829348662,0.0301204642330385
"1309",3.32228455282282,0.113193324710444,0.0300997697247317
"1310",3.3245678939369,0.11326980780521,0.0300790969504255
"1311",3.32685197402609,0.113346278637734,0.0300584458763827
"1312",3.32913679339536,0.113422737212783,0.0300378164689384
"1313",3.33142235234959,0.113499183535121,0.0300172086945
"1314",3.33370865119352,0.113575617609508,0.0299966225195469
"1315",3.33599569023175,0.1136520394407,0.0299760579106303
"1316",3.33828346976877,0.11372844903345,0.0299555148343728
"1317",3.34057199010893,0.113804846392506,0.0299349932574688
"1318",3.34286125155646,0.113881231522611,0.0299144931466836
"1319",3.34515125441547,0.113957604428506,0.0298940144688537
"1320",3.34744199898992,0.114033965114927,0.0298735571908862
"1321",3.34973348558368,0.114110313586606,0.0298531212797592
"1322",3.35202571450047,0.114186649848272,0.0298327067025207
"1323",3.35431868604389,0.114262973904647,0.0298123134262895
"1324",3.35661240051743,0.114339285760454,0.0297919414182539
"1325",3.35890685822445,0.114415585420407,0.0297715906456725
"1326",3.36120205946817,0.11449187288922,0.0297512610758732
"1327",3.36349800455171,0.114568148171601,0.0297309526762535
"1328",3.36579469377807,0.114644411272255,0.0297106654142803
"1329",3.3680921274501,0.114720662195881,0.0296903992574893
"1330",3.37039030587058,0.114796900947177,0.0296701541734852
"1331",3.37268922934211,0.114873127530836,0.0296499301299415
"1332",3.37498889816723,0.114949341951545,0.0296297270946001
"1333",3.3772893126483,0.115025544213991,0.0296095450352712
"1334",3.37959047308762,0.115101734322855,0.0295893839198331
"1335",3.38189237978733,0.115177912282812,0.0295692437162322
"1336",3.38419503304947,0.115254078098537,0.0295491243924824
"1337",3.38649843317596,0.1153302317747,0.0295290259166655
"1338",3.3888025804686,0.115406373315964,0.0295089482569303
"1339",3.39110747522909,0.115482502726993,0.0294888913814932
"1340",3.39341311775898,0.115558620012444,0.0294688552586372
"1341",3.39571950835974,0.11563472517697,0.0294488398567123
"1342",3.39802664733271,0.115710818225222,0.0294288451441354
"1343",3.40033453497912,0.115786899161846,0.0294088710893895
"1344",3.40264317160007,0.115862967991485,0.029388917661024
"1345",3.40495255749656,0.115939024718776,0.0293689848276545
"1346",3.40726269296949,0.116015069348354,0.0293490725579624
"1347",3.40957357831963,0.116091101884851,0.0293291808206949
"1348",3.41188521384763,0.116167122332893,0.0293093095846647
"1349",3.41419759985405,0.116243130697104,0.0292894588187499
"1350",3.41651073663933,0.116319126982102,0.029269628491894
"1351",3.41882462450378,0.116395111192504,0.0292498185731051
"1352",3.42113926374765,0.116471083332921,0.0292300290314567
"1353",3.42345465467101,0.116547043407961,0.0292102598360865
"1354",3.42577079757389,0.116622991422228,0.0291905109561969
"1355",3.42808769275616,0.116698927380323,0.0291707823610546
"1356",3.43040534051762,0.116774851286842,0.0291510740199906
"1357",3.43272374115792,0.116850763146379,0.0291313859023995
"1358",3.43504289497664,0.116926662963521,0.0291117179777402
"1359",3.43736280227323,0.117002550742856,0.0290920702155347
"1360",3.43968346334704,0.117078426488963,0.029072442585369
"1361",3.44200487849733,0.117154290206421,0.0290528350568918
"1362",3.44432704802323,0.117230141899804,0.0290332475998155
"1363",3.44664997222377,0.117305981573682,0.029013680183915
"1364",3.44897365139788,0.117381809232622,0.0289941327790283
"1365",3.45129808584439,0.117457624881186,0.0289746053550556
"1366",3.45362327586201,0.117533428523933,0.0289550978819601
"1367",3.45594922174936,0.11760922016542,0.0289356103297667
"1368",3.45827592380496,0.117684999810197,0.0289161426685628
"1369",3.46060338232722,0.117760767462813,0.0288966948684975
"1370",3.46293159761443,0.117836523127811,0.0288772668997819
"1371",3.46526056996482,0.117912266809733,0.0288578587326884
"1372",3.46759029967647,0.117987998513115,0.0288384703375511
"1373",3.46992078704741,0.118063718242489,0.0288191016847653
"1374",3.47225203237552,0.118139426002387,0.0287997527447873
"1375",3.4745840359586,0.118215121797332,0.0287804234881345
"1376",3.47691679809437,0.118290805631849,0.0287611138853849
"1377",3.47925031908042,0.118366477510454,0.0287418239071773
"1378",3.48158459921426,0.118442137437662,0.0287225535242109
"1379",3.48391963879329,0.118517785417985,0.0287033027072452
"1380",3.48625543811481,0.11859342145593,0.0286840714270997
"1381",3.48859199747604,0.118669045556001,0.028664859654654
"1382",3.49092931717409,0.118744657722698,0.0286456673608476
"1383",3.49326739750597,0.118820257960517,0.0286264945166795
"1384",3.49560623876859,0.118895846273951,0.0286073410932083
"1385",3.49794584125879,0.11897142266749,0.0285882070615518
"1386",3.50028620527327,0.119046987145618,0.028569092392887
"1387",3.50262733110868,0.119122539712819,0.0285499970584502
"1388",3.50496921906155,0.119198080373569,0.0285309210295361
"1389",3.50731186942831,0.119273609132345,0.0285118642774986
"1390",3.50965528250532,0.119349125993616,0.0284928267737498
"1391",3.51199945858883,0.119424630961852,0.0284738084897603
"1392",3.51434439797498,0.119500124041514,0.0284548093970589
"1393",3.51669010095986,0.119575605237064,0.0284358294672327
"1394",3.51903656783943,0.119651074552959,0.0284168686719265
"1395",3.52138379890958,0.119726531993651,0.0283979269828429
"1396",3.52373179446608,0.11980197756359,0.0283790043717422
"1397",3.52608055480464,0.119877411267223,0.0283601008104423
"1398",3.52843008022087,0.119952833108991,0.0283412162708182
"1399",3.53078037101028,0.120028243093333,0.0283223507248021
"1400",3.5331314274683,0.120103641224685,0.0283035041443834
"1401",3.53548324989025,0.120179027507479,0.0282846765016081
"1402",3.53783583857139,0.120254401946142,0.0282658677685793
"1403",3.54018919380688,0.120329764545099,0.0282470779174564
"1404",3.54254331589177,0.120405115308772,0.0282283069204552
"1405",3.54489820512105,0.120480454241577,0.0282095547498479
"1406",3.54725386178961,0.12055578134793,0.0281908213779629
"1407",3.54961028619226,0.120631096632239,0.0281721067771843
"1408",3.55196747862371,0.120706400098914,0.0281534109199523
"1409",3.55432543937858,0.120781691752356,0.0281347337787626
"1410",3.55668416875143,0.120856971596966,0.0281160753261668
"1411",3.55904366703671,0.12093223963714,0.0280974355347713
"1412",3.56140393452878,0.121007495877271,0.0280788143772383
"1413",3.56376497152194,0.12108274032175,0.0280602118262849
"1414",3.56612677831039,0.12115797297496,0.0280416278546831
"1415",3.56848935518823,0.121233193841286,0.0280230624352598
"1416",3.57085270244951,0.121308402925106,0.0280045155408966
"1417",3.57321682038817,0.121383600230796,0.0279859871445296
"1418",3.57558170929807,0.121458785762727,0.0279674772191491
"1419",3.57794736947299,0.121533959525268,0.0279489857378001
"1420",3.58031380120663,0.121609121522785,0.0279305126735813
"1421",3.58268100479261,0.121684271759638,0.0279120579996456
"1422",3.58504898052447,0.121759410240187,0.0278936216891996
"1423",3.58741772869564,0.121834536968786,0.0278752037155036
"1424",3.5897872495995,0.121909651949785,0.0278568040518715
"1425",3.59215754352934,0.121984755187534,0.0278384226716707
"1426",3.59452861077837,0.122059846686376,0.0278200595483216
"1427",3.59690045163971,0.122134926450652,0.0278017146552981
"1428",3.59927306640642,0.1222099944847,0.0277833879661267
"1429",3.60164645537146,0.122285050792854,0.0277650794543871
"1430",3.60402061882772,0.122360095379445,0.0277467890937114
"1431",3.606395557068,0.1224351282488,0.0277285168577847
"1432",3.60877127038505,0.122510149405242,0.0277102627203442
"1433",3.61114775907151,0.122585158853093,0.0276920266551795
"1434",3.61352502341997,0.12266015659667,0.0276738086361324
"1435",3.6159030637229,0.122735142640285,0.0276556086370968
"1436",3.61828188027275,0.12281011698825,0.0276374266320185
"1437",3.62066147336184,0.122885079644871,0.027619262594895
"1438",3.62304184328245,0.122960030614451,0.0276011164997754
"1439",3.62542299032677,0.123034969901292,0.0275829883207605
"1440",3.62780491478692,0.123109897509689,0.0275648780320023
"1441",3.63018761695492,0.123184813443937,0.0275467856077042
"1442",3.63257109712275,0.123259717708324,0.0275287110221206
"1443",3.6349553555823,0.123334610307138,0.027510654249557
"1444",3.63734039262538,0.123409491244662,0.0274926152643694
"1445",3.63972620854373,0.123484360525176,0.0274745940409651
"1446",3.64211280362902,0.123559218152957,0.0274565905538015
"1447",3.64450017817284,0.123634064132277,0.0274386047773867
"1448",3.64688833246671,0.123708898467407,0.0274206366862792
"1449",3.64927726680208,0.123783721162614,0.0274026862550873
"1450",3.65166698147033,0.12385853222216,0.0273847534584699
"1451",3.65405747676275,0.123933331650306,0.0273668382711356
"1452",3.65644875297059,0.124008119451308,0.0273489406678427
"1453",3.65884081038499,0.12408289562942,0.0273310606233994
"1454",3.66123364929705,0.124157660188891,0.0273131981126635
"1455",3.66362726999778,0.124232413133968,0.0272953531105419
"1456",3.66602167277813,0.124307154468895,0.0272775255919912
"1457",3.66841685792898,0.124381884197911,0.0272597155320171
"1458",3.67081282574114,0.124456602325254,0.0272419229056742
"1459",3.67320957650534,0.124531308855157,0.0272241476880661
"1460",3.67560711051224,0.124606003791849,0.0272063898543454
"1461",3.67800542805246,0.124680687139559,0.0271886493797131
"1462",3.68040452941652,0.124755358902509,0.027170926239419
"1463",3.68280441489488,0.124830019084921,0.0271532204087613
"1464",3.68520508477793,0.12490466769101,0.0271355318630865
"1465",3.68760653935601,0.124979304724992,0.0271178605777892
"1466",3.69000877891937,0.125053930191076,0.0271002065283122
"1467",3.69241180375821,0.12512854409347,0.0270825696901461
"1468",3.69481561416265,0.125203146436378,0.0270649500388297
"1469",3.69722021042275,0.125277737224001,0.0270473475499491
"1470",3.6996255928285,0.125352316460536,0.0270297621991382
"1471",3.70203176166983,0.125426884150177,0.0270121939620784
"1472",3.7044387172366,0.125501440297117,0.0269946428144982
"1473",3.70684645981861,0.125575984905542,0.0269771087321737
"1474",3.7092549897056,0.125650517979637,0.0269595916909279
"1475",3.71166430718722,0.125725039523585,0.0269420916666309
"1476",3.71407441255308,0.125799549541562,0.0269246086351995
"1477",3.71648530609273,0.125874048037744,0.0269071425725973
"1478",3.71889698809563,0.125948535016302,0.0268896934548348
"1479",3.7213094588512,0.126023010481406,0.0268722612579688
"1480",3.72372271864879,0.126097474437221,0.0268548459581026
"1481",3.72613676777768,0.126171926887908,0.0268374475313856
"1482",3.7285516065271,0.126246367837627,0.0268200659540135
"1483",3.73096723518621,0.126320797290534,0.0268027012022283
"1484",3.73338365404412,0.126395215250781,0.0267853532523176
"1485",3.73580086338985,0.126469621722517,0.0267680220806149
"1486",3.7382188635124,0.126544016709889,0.0267507076634996
"1487",3.74063765470067,0.126618400217041,0.0267334099773966
"1488",3.74305723724351,0.126692772248111,0.0267161289987761
"1489",3.74547761142974,0.126767132807236,0.0266988647041539
"1490",3.74789877754807,0.126841481898551,0.0266816170700911
"1491",3.75032073588719,0.126915819526185,0.0266643860731937
"1492",3.75274348673572,0.126990145694266,0.026647171690113
"1493",3.75516703038221,0.127064460406918,0.0266299738975451
"1494",3.75759136711515,0.127138763668262,0.0266127926722308
"1495",3.760016497223,0.127213055482416,0.0265956279909559
"1496",3.76244242099413,0.127287335853494,0.0265784798305505
"1497",3.76486913871686,0.127361604785608,0.0265613481678893
"1498",3.76729665067946,0.127435862282866,0.0265442329798914
"1499",3.76972495717014,0.127510108349374,0.02652713424352
"1500",3.77215405847705,0.127584342989234,0.0265100519357827
"1501",3.77458395488828,0.127658566206546,0.0264929860337309
